DATAFLOW,REF_AREA,DATA_TYPE,SEX,AGE,TIME_PERIOD,OBS_VALUE,OBS_STATUS
IT1:29_7_DF_DCIS_POPSTRRES1_1(1.0),IT,JAN,9,TOTAL,2019,4996158,
IT1:29_7_DF_DCIS_POPSTRRES1_1(1.0),IT,JAN,9,TOTAL,2020,5039637,
IT1:29_7_DF_DCIS_POPSTRRES1_1(1.0),IT,JAN,9,TOTAL,2021,5171894,
IT1:29_7_DF_DCIS_POPSTRRES1_1(1.0),IT,JAN,9,TOTAL,2022,5030716,
IT1:29_7_DF_DCIS_POPSTRRES1_1(1.0),IT,JAN,9,TOTAL,2023,5141341,
IT1:29_7_DF_DCIS_POPSTRRES1_1(1.0),IT,JAN,9,TOTAL,2024,5253658,
IT1:29_7_DF_DCIS_POPSTRRES1_1(1.0),IT,JAN,9,TOTAL,2025,5371251,
IT1:29_7_DF_DCIS_POPSTRRES1_1(1.0),IT,JAN,9,TOTAL,2026,5559527,e
IT1:29_7_DF_DCIS_POPSTRRES1_1(1.0),IT,JAN,9,Y0,2019,61426,
IT1:29_7_DF_DCIS_POPSTRRES1_1(1.0),IT,JAN,9,Y0,2020,60284,
IT1:29_7_DF_DCIS_POPSTRRES1_1(1.0),IT,JAN,9,Y0,2021,60160,
IT1:29_7_DF_DCIS_POPSTRRES1_1(1.0),IT,JAN,9,Y0,2022,53782,
IT1:29_7_DF_DCIS_POPSTRRES1_1(1.0),IT,JAN,9,Y0,2023,52436,
IT1:29_7_DF_DCIS_POPSTRRES1_1(1.0),IT,JAN,9,Y0,2024,50600,
IT1:29_7_DF_DCIS_POPSTRRES1_1(1.0),IT,JAN,9,Y0,2025,48936,
IT1:29_7_DF_DCIS_POPSTRRES1_1(1.0),IT,JAN,9,Y0,2026,49147,e
IT1:29_7_DF_DCIS_POPSTRRES1_1(1.0),IT,JAN,9,Y1,2019,65225,
IT1:29_7_DF_DCIS_POPSTRRES1_1(1.0),IT,JAN,9,Y1,2020,61494,
IT1:29_7_DF_DCIS_POPSTRRES1_1(1.0),IT,JAN,9,Y1,2021,60958,
IT1:29_7_DF_DCIS_POPSTRRES1_1(1.0),IT,JAN,9,Y1,2022,57812,
IT1:29_7_DF_DCIS_POPSTRRES1_1(1.0),IT,JAN,9,Y1,2023,52878,
IT1:29_7_DF_DCIS_POPSTRRES1_1(1.0),IT,JAN,9,Y1,2024,51251,
IT1:29_7_DF_DCIS_POPSTRRES1_1(1.0),IT,JAN,9,Y1,2025,49530,
IT1:29_7_DF_DCIS_POPSTRRES1_1(1.0),IT,JAN,9,Y1,2026,49753,e
IT1:29_7_DF_DCIS_POPSTRRES1_1(1.0),IT,JAN,9,Y10,2019,55941,
IT1:29_7_DF_DCIS_POPSTRRES1_1(1.0),IT,JAN,9,Y10,2020,57856,
IT1:29_7_DF_DCIS_POPSTRRES1_1(1.0),IT,JAN,9,Y10,2021,57817,
IT1:29_7_DF_DCIS_POPSTRRES1_1(1.0),IT,JAN,9,Y10,2022,58667,
IT1:29_7_DF_DCIS_POPSTRRES1_1(1.0),IT,JAN,9,Y10,2023,60874,
IT1:29_7_DF_DCIS_POPSTRRES1_1(1.0),IT,JAN,9,Y10,2024,59794,
IT1:29_7_DF_DCIS_POPSTRRES1_1(1.0),IT,JAN,9,Y10,2025,60550,
IT1:29_7_DF_DCIS_POPSTRRES1_1(1.0),IT,JAN,9,Y10,2026,61191,e
IT1:29_7_DF_DCIS_POPSTRRES1_1(1.0),IT,JAN,9,Y11,2019,52789,
IT1:29_7_DF_DCIS_POPSTRRES1_1(1.0),IT,JAN,9,Y11,2020,55133,
IT1:29_7_DF_DCIS_POPSTRRES1_1(1.0),IT,JAN,9,Y11,2021,56987,
IT1:29_7_DF_DCIS_POPSTRRES1_1(1.0),IT,JAN,9,Y11,2022,57491,
IT1:29_7_DF_DCIS_POPSTRRES1_1(1.0),IT,JAN,9,Y11,2023,56979,
IT1:29_7_DF_DCIS_POPSTRRES1_1(1.0),IT,JAN,9,Y11,2024,60244,
IT1:29_7_DF_DCIS_POPSTRRES1_1(1.0),IT,JAN,9,Y11,2025,58761,
IT1:29_7_DF_DCIS_POPSTRRES1_1(1.0),IT,JAN,9,Y11,2026,61295,e
IT1:29_7_DF_DCIS_POPSTRRES1_1(1.0),IT,JAN,9,Y12,2019,50480,
IT1:29_7_DF_DCIS_POPSTRRES1_1(1.0),IT,JAN,9,Y12,2020,52308,
IT1:29_7_DF_DCIS_POPSTRRES1_1(1.0),IT,JAN,9,Y12,2021,54929,
IT1:29_7_DF_DCIS_POPSTRRES1_1(1.0),IT,JAN,9,Y12,2022,56474,
IT1:29_7_DF_DCIS_POPSTRRES1_1(1.0),IT,JAN,9,Y12,2023,55904,
IT1:29_7_DF_DCIS_POPSTRRES1_1(1.0),IT,JAN,9,Y12,2024,56478,
IT1:29_7_DF_DCIS_POPSTRRES1_1(1.0),IT,JAN,9,Y12,2025,59529,
IT1:29_7_DF_DCIS_POPSTRRES1_1(1.0),IT,JAN,9,Y12,2026,59806,e
IT1:29_7_DF_DCIS_POPSTRRES1_1(1.0),IT,JAN,9,Y13,2019,46979,
IT1:29_7_DF_DCIS_POPSTRRES1_1(1.0),IT,JAN,9,Y13,2020,50191,
IT1:29_7_DF_DCIS_POPSTRRES1_1(1.0),IT,JAN,9,Y13,2021,52493,
IT1:29_7_DF_DCIS_POPSTRRES1_1(1.0),IT,JAN,9,Y13,2022,54679,
IT1:29_7_DF_DCIS_POPSTRRES1_1(1.0),IT,JAN,9,Y13,2023,55167,
IT1:29_7_DF_DCIS_POPSTRRES1_1(1.0),IT,JAN,9,Y13,2024,55635,
IT1:29_7_DF_DCIS_POPSTRRES1_1(1.0),IT,JAN,9,Y13,2025,56212,
IT1:29_7_DF_DCIS_POPSTRRES1_1(1.0),IT,JAN,9,Y13,2026,60711,e
IT1:29_7_DF_DCIS_POPSTRRES1_1(1.0),IT,JAN,9,Y14,2019,45471,
IT1:29_7_DF_DCIS_POPSTRRES1_1(1.0),IT,JAN,9,Y14,2020,47065,
IT1:29_7_DF_DCIS_POPSTRRES1_1(1.0),IT,JAN,9,Y14,2021,50683,
IT1:29_7_DF_DCIS_POPSTRRES1_1(1.0),IT,JAN,9,Y14,2022,52442,
IT1:29_7_DF_DCIS_POPSTRRES1_1(1.0),IT,JAN,9,Y14,2023,53894,
IT1:29_7_DF_DCIS_POPSTRRES1_1(1.0),IT,JAN,9,Y14,2024,55336,
IT1:29_7_DF_DCIS_POPSTRRES1_1(1.0),IT,JAN,9,Y14,2025,55580,
IT1:29_7_DF_DCIS_POPSTRRES1_1(1.0),IT,JAN,9,Y14,2026,57538,e
IT1:29_7_DF_DCIS_POPSTRRES1_1(1.0),IT,JAN,9,Y15,2019,42221,
IT1:29_7_DF_DCIS_POPSTRRES1_1(1.0),IT,JAN,9,Y15,2020,45852,
IT1:29_7_DF_DCIS_POPSTRRES1_1(1.0),IT,JAN,9,Y15,2021,48034,
IT1:29_7_DF_DCIS_POPSTRRES1_1(1.0),IT,JAN,9,Y15,2022,50795,
IT1:29_7_DF_DCIS_POPSTRRES1_1(1.0),IT,JAN,9,Y15,2023,51823,
IT1:29_7_DF_DCIS_POPSTRRES1_1(1.0),IT,JAN,9,Y15,2024,54415,
IT1:29_7_DF_DCIS_POPSTRRES1_1(1.0),IT,JAN,9,Y15,2025,55676,
IT1:29_7_DF_DCIS_POPSTRRES1_1(1.0),IT,JAN,9,Y15,2026,57155,e
IT1:29_7_DF_DCIS_POPSTRRES1_1(1.0),IT,JAN,9,Y16,2019,42270,
IT1:29_7_DF_DCIS_POPSTRRES1_1(1.0),IT,JAN,9,Y16,2020,42910,
IT1:29_7_DF_DCIS_POPSTRRES1_1(1.0),IT,JAN,9,Y16,2021,46884,
IT1:29_7_DF_DCIS_POPSTRRES1_1(1.0),IT,JAN,9,Y16,2022,48278,
IT1:29_7_DF_DCIS_POPSTRRES1_1(1.0),IT,JAN,9,Y16,2023,50715,
IT1:29_7_DF_DCIS_POPSTRRES1_1(1.0),IT,JAN,9,Y16,2024,52885,
IT1:29_7_DF_DCIS_POPSTRRES1_1(1.0),IT,JAN,9,Y16,2025,55696,
IT1:29_7_DF_DCIS_POPSTRRES1_1(1.0),IT,JAN,9,Y16,2026,57779,e
IT1:29_7_DF_DCIS_POPSTRRES1_1(1.0),IT,JAN,9,Y17,2019,44162,
IT1:29_7_DF_DCIS_POPSTRRES1_1(1.0),IT,JAN,9,Y17,2020,43331,
IT1:29_7_DF_DCIS_POPSTRRES1_1(1.0),IT,JAN,9,Y17,2021,44064,
IT1:29_7_DF_DCIS_POPSTRRES1_1(1.0),IT,JAN,9,Y17,2022,48174,
IT1:29_7_DF_DCIS_POPSTRRES1_1(1.0),IT,JAN,9,Y17,2023,49396,
IT1:29_7_DF_DCIS_POPSTRRES1_1(1.0),IT,JAN,9,Y17,2024,52910,
IT1:29_7_DF_DCIS_POPSTRRES1_1(1.0),IT,JAN,9,Y17,2025,56410,
IT1:29_7_DF_DCIS_POPSTRRES1_1(1.0),IT,JAN,9,Y17,2026,58638,e
IT1:29_7_DF_DCIS_POPSTRRES1_1(1.0),IT,JAN,9,Y18,2019,46519,
IT1:29_7_DF_DCIS_POPSTRRES1_1(1.0),IT,JAN,9,Y18,2020,41644,
IT1:29_7_DF_DCIS_POPSTRRES1_1(1.0),IT,JAN,9,Y18,2021,40090,
IT1:29_7_DF_DCIS_POPSTRRES1_1(1.0),IT,JAN,9,Y18,2022,38817,
IT1:29_7_DF_DCIS_POPSTRRES1_1(1.0),IT,JAN,9,Y18,2023,45576,
IT1:29_7_DF_DCIS_POPSTRRES1_1(1.0),IT,JAN,9,Y18,2024,45717,
IT1:29_7_DF_DCIS_POPSTRRES1_1(1.0),IT,JAN,9,Y18,2025,49911,
IT1:29_7_DF_DCIS_POPSTRRES1_1(1.0),IT,JAN,9,Y18,2026,60179,e
IT1:29_7_DF_DCIS_POPSTRRES1_1(1.0),IT,JAN,9,Y19,2019,52789,
IT1:29_7_DF_DCIS_POPSTRRES1_1(1.0),IT,JAN,9,Y19,2020,47140,
IT1:29_7_DF_DCIS_POPSTRRES1_1(1.0),IT,JAN,9,Y19,2021,44200,
IT1:29_7_DF_DCIS_POPSTRRES1_1(1.0),IT,JAN,9,Y19,2022,38289,
IT1:29_7_DF_DCIS_POPSTRRES1_1(1.0),IT,JAN,9,Y19,2023,40220,
IT1:29_7_DF_DCIS_POPSTRRES1_1(1.0),IT,JAN,9,Y19,2024,47189,
IT1:29_7_DF_DCIS_POPSTRRES1_1(1.0),IT,JAN,9,Y19,2025,48674,
IT1:29_7_DF_DCIS_POPSTRRES1_1(1.0),IT,JAN,9,Y19,2026,54890,e
IT1:29_7_DF_DCIS_POPSTRRES1_1(1.0),IT,JAN,9,Y2,2019,65172,
IT1:29_7_DF_DCIS_POPSTRRES1_1(1.0),IT,JAN,9,Y2,2020,64827,
IT1:29_7_DF_DCIS_POPSTRRES1_1(1.0),IT,JAN,9,Y2,2021,63453,
IT1:29_7_DF_DCIS_POPSTRRES1_1(1.0),IT,JAN,9,Y2,2022,61000,
IT1:29_7_DF_DCIS_POPSTRRES1_1(1.0),IT,JAN,9,Y2,2023,57355,
IT1:29_7_DF_DCIS_POPSTRRES1_1(1.0),IT,JAN,9,Y2,2024,52549,
IT1:29_7_DF_DCIS_POPSTRRES1_1(1.0),IT,JAN,9,Y2,2025,50846,
IT1:29_7_DF_DCIS_POPSTRRES1_1(1.0),IT,JAN,9,Y2,2026,50531,e
IT1:29_7_DF_DCIS_POPSTRRES1_1(1.0),IT,JAN,9,Y20,2019,61616,
IT1:29_7_DF_DCIS_POPSTRRES1_1(1.0),IT,JAN,9,Y20,2020,55302,
IT1:29_7_DF_DCIS_POPSTRRES1_1(1.0),IT,JAN,9,Y20,2021,54264,
IT1:29_7_DF_DCIS_POPSTRRES1_1(1.0),IT,JAN,9,Y20,2022,43974,
IT1:29_7_DF_DCIS_POPSTRRES1_1(1.0),IT,JAN,9,Y20,2023,43403,
IT1:29_7_DF_DCIS_POPSTRRES1_1(1.0),IT,JAN,9,Y20,2024,46607,
IT1:29_7_DF_DCIS_POPSTRRES1_1(1.0),IT,JAN,9,Y20,2025,55043,
IT1:29_7_DF_DCIS_POPSTRRES1_1(1.0),IT,JAN,9,Y20,2026,54771,e
IT1:29_7_DF_DCIS_POPSTRRES1_1(1.0),IT,JAN,9,Y21,2019,63617,
IT1:29_7_DF_DCIS_POPSTRRES1_1(1.0),IT,JAN,9,Y21,2020,62936,
IT1:29_7_DF_DCIS_POPSTRRES1_1(1.0),IT,JAN,9,Y21,2021,64619,
IT1:29_7_DF_DCIS_POPSTRRES1_1(1.0),IT,JAN,9,Y21,2022,52610,
IT1:29_7_DF_DCIS_POPSTRRES1_1(1.0),IT,JAN,9,Y21,2023,48941,
IT1:29_7_DF_DCIS_POPSTRRES1_1(1.0),IT,JAN,9,Y21,2024,49455,
IT1:29_7_DF_DCIS_POPSTRRES1_1(1.0),IT,JAN,9,Y21,2025,54239,
IT1:29_7_DF_DCIS_POPSTRRES1_1(1.0),IT,JAN,9,Y21,2026,61833,e
IT1:29_7_DF_DCIS_POPSTRRES1_1(1.0),IT,JAN,9,Y22,2019,65244,
IT1:29_7_DF_DCIS_POPSTRRES1_1(1.0),IT,JAN,9,Y22,2020,64671,
IT1:29_7_DF_DCIS_POPSTRRES1_1(1.0),IT,JAN,9,Y22,2021,72954,
IT1:29_7_DF_DCIS_POPSTRRES1_1(1.0),IT,JAN,9,Y22,2022,59577,
IT1:29_7_DF_DCIS_POPSTRRES1_1(1.0),IT,JAN,9,Y22,2023,57285,
IT1:29_7_DF_DCIS_POPSTRRES1_1(1.0),IT,JAN,9,Y22,2024,54567,
IT1:29_7_DF_DCIS_POPSTRRES1_1(1.0),IT,JAN,9,Y22,2025,56611,
IT1:29_7_DF_DCIS_POPSTRRES1_1(1.0),IT,JAN,9,Y22,2026,62321,e
IT1:29_7_DF_DCIS_POPSTRRES1_1(1.0),IT,JAN,9,Y23,2019,67546,
IT1:29_7_DF_DCIS_POPSTRRES1_1(1.0),IT,JAN,9,Y23,2020,66619,
IT1:29_7_DF_DCIS_POPSTRRES1_1(1.0),IT,JAN,9,Y23,2021,74282,
IT1:29_7_DF_DCIS_POPSTRRES1_1(1.0),IT,JAN,9,Y23,2022,66408,
IT1:29_7_DF_DCIS_POPSTRRES1_1(1.0),IT,JAN,9,Y23,2023,64245,
IT1:29_7_DF_DCIS_POPSTRRES1_1(1.0),IT,JAN,9,Y23,2024,63401,
IT1:29_7_DF_DCIS_POPSTRRES1_1(1.0),IT,JAN,9,Y23,2025,61297,
IT1:29_7_DF_DCIS_POPSTRRES1_1(1.0),IT,JAN,9,Y23,2026,65517,e
IT1:29_7_DF_DCIS_POPSTRRES1_1(1.0),IT,JAN,9,Y24,2019,70659,
IT1:29_7_DF_DCIS_POPSTRRES1_1(1.0),IT,JAN,9,Y24,2020,69534,
IT1:29_7_DF_DCIS_POPSTRRES1_1(1.0),IT,JAN,9,Y24,2021,76050,
IT1:29_7_DF_DCIS_POPSTRRES1_1(1.0),IT,JAN,9,Y24,2022,68821,
IT1:29_7_DF_DCIS_POPSTRRES1_1(1.0),IT,JAN,9,Y24,2023,71578,
IT1:29_7_DF_DCIS_POPSTRRES1_1(1.0),IT,JAN,9,Y24,2024,70914,
IT1:29_7_DF_DCIS_POPSTRRES1_1(1.0),IT,JAN,9,Y24,2025,71891,
IT1:29_7_DF_DCIS_POPSTRRES1_1(1.0),IT,JAN,9,Y24,2026,70929,e
IT1:29_7_DF_DCIS_POPSTRRES1_1(1.0),IT,JAN,9,Y25,2019,72714,
IT1:29_7_DF_DCIS_POPSTRRES1_1(1.0),IT,JAN,9,Y25,2020,72937,
IT1:29_7_DF_DCIS_POPSTRRES1_1(1.0),IT,JAN,9,Y25,2021,78574,
IT1:29_7_DF_DCIS_POPSTRRES1_1(1.0),IT,JAN,9,Y25,2022,71650,
IT1:29_7_DF_DCIS_POPSTRRES1_1(1.0),IT,JAN,9,Y25,2023,74534,
IT1:29_7_DF_DCIS_POPSTRRES1_1(1.0),IT,JAN,9,Y25,2024,79054,
IT1:29_7_DF_DCIS_POPSTRRES1_1(1.0),IT,JAN,9,Y25,2025,79490,
IT1:29_7_DF_DCIS_POPSTRRES1_1(1.0),IT,JAN,9,Y25,2026,81989,e
IT1:29_7_DF_DCIS_POPSTRRES1_1(1.0),IT,JAN,9,Y26,2019,80260,
IT1:29_7_DF_DCIS_POPSTRRES1_1(1.0),IT,JAN,9,Y26,2020,75235,
IT1:29_7_DF_DCIS_POPSTRRES1_1(1.0),IT,JAN,9,Y26,2021,81052,
IT1:29_7_DF_DCIS_POPSTRRES1_1(1.0),IT,JAN,9,Y26,2022,74950,
IT1:29_7_DF_DCIS_POPSTRRES1_1(1.0),IT,JAN,9,Y26,2023,77765,
IT1:29_7_DF_DCIS_POPSTRRES1_1(1.0),IT,JAN,9,Y26,2024,81300,
IT1:29_7_DF_DCIS_POPSTRRES1_1(1.0),IT,JAN,9,Y26,2025,87719,
IT1:29_7_DF_DCIS_POPSTRRES1_1(1.0),IT,JAN,9,Y26,2026,90027,e
IT1:29_7_DF_DCIS_POPSTRRES1_1(1.0),IT,JAN,9,Y27,2019,82206,
IT1:29_7_DF_DCIS_POPSTRRES1_1(1.0),IT,JAN,9,Y27,2020,82846,
IT1:29_7_DF_DCIS_POPSTRRES1_1(1.0),IT,JAN,9,Y27,2021,82245,
IT1:29_7_DF_DCIS_POPSTRRES1_1(1.0),IT,JAN,9,Y27,2022,77970,
IT1:29_7_DF_DCIS_POPSTRRES1_1(1.0),IT,JAN,9,Y27,2023,81012,
IT1:29_7_DF_DCIS_POPSTRRES1_1(1.0),IT,JAN,9,Y27,2024,84621,
IT1:29_7_DF_DCIS_POPSTRRES1_1(1.0),IT,JAN,9,Y27,2025,89510,
IT1:29_7_DF_DCIS_POPSTRRES1_1(1.0),IT,JAN,9,Y27,2026,97896,e
IT1:29_7_DF_DCIS_POPSTRRES1_1(1.0),IT,JAN,9,Y28,2019,92566,
IT1:29_7_DF_DCIS_POPSTRRES1_1(1.0),IT,JAN,9,Y28,2020,84655,
IT1:29_7_DF_DCIS_POPSTRRES1_1(1.0),IT,JAN,9,Y28,2021,89216,
IT1:29_7_DF_DCIS_POPSTRRES1_1(1.0),IT,JAN,9,Y28,2022,79640,
IT1:29_7_DF_DCIS_POPSTRRES1_1(1.0),IT,JAN,9,Y28,2023,83954,
IT1:29_7_DF_DCIS_POPSTRRES1_1(1.0),IT,JAN,9,Y28,2024,87390,
IT1:29_7_DF_DCIS_POPSTRRES1_1(1.0),IT,JAN,9,Y28,2025,92300,
IT1:29_7_DF_DCIS_POPSTRRES1_1(1.0),IT,JAN,9,Y28,2026,99187,e
IT1:29_7_DF_DCIS_POPSTRRES1_1(1.0),IT,JAN,9,Y29,2019,98609,
IT1:29_7_DF_DCIS_POPSTRRES1_1(1.0),IT,JAN,9,Y29,2020,94455,
IT1:29_7_DF_DCIS_POPSTRRES1_1(1.0),IT,JAN,9,Y29,2021,89633,
IT1:29_7_DF_DCIS_POPSTRRES1_1(1.0),IT,JAN,9,Y29,2022,86396,
IT1:29_7_DF_DCIS_POPSTRRES1_1(1.0),IT,JAN,9,Y29,2023,85097,
IT1:29_7_DF_DCIS_POPSTRRES1_1(1.0),IT,JAN,9,Y29,2024,90034,
IT1:29_7_DF_DCIS_POPSTRRES1_1(1.0),IT,JAN,9,Y29,2025,94239,
IT1:29_7_DF_DCIS_POPSTRRES1_1(1.0),IT,JAN,9,Y29,2026,101660,e
IT1:29_7_DF_DCIS_POPSTRRES1_1(1.0),IT,JAN,9,Y3,2019,64792,
IT1:29_7_DF_DCIS_POPSTRRES1_1(1.0),IT,JAN,9,Y3,2020,64814,
IT1:29_7_DF_DCIS_POPSTRRES1_1(1.0),IT,JAN,9,Y3,2021,67013,
IT1:29_7_DF_DCIS_POPSTRRES1_1(1.0),IT,JAN,9,Y3,2022,63063,
IT1:29_7_DF_DCIS_POPSTRRES1_1(1.0),IT,JAN,9,Y3,2023,60548,
IT1:29_7_DF_DCIS_POPSTRRES1_1(1.0),IT,JAN,9,Y3,2024,57198,
IT1:29_7_DF_DCIS_POPSTRRES1_1(1.0),IT,JAN,9,Y3,2025,51931,
IT1:29_7_DF_DCIS_POPSTRRES1_1(1.0),IT,JAN,9,Y3,2026,52204,e
IT1:29_7_DF_DCIS_POPSTRRES1_1(1.0),IT,JAN,9,Y30,2019,106619,
IT1:29_7_DF_DCIS_POPSTRRES1_1(1.0),IT,JAN,9,Y30,2020,100204,
IT1:29_7_DF_DCIS_POPSTRRES1_1(1.0),IT,JAN,9,Y30,2021,98514,
IT1:29_7_DF_DCIS_POPSTRRES1_1(1.0),IT,JAN,9,Y30,2022,86855,
IT1:29_7_DF_DCIS_POPSTRRES1_1(1.0),IT,JAN,9,Y30,2023,91808,
IT1:29_7_DF_DCIS_POPSTRRES1_1(1.0),IT,JAN,9,Y30,2024,90422,
IT1:29_7_DF_DCIS_POPSTRRES1_1(1.0),IT,JAN,9,Y30,2025,96056,
IT1:29_7_DF_DCIS_POPSTRRES1_1(1.0),IT,JAN,9,Y30,2026,102945,e
IT1:29_7_DF_DCIS_POPSTRRES1_1(1.0),IT,JAN,9,Y31,2019,111043,
IT1:29_7_DF_DCIS_POPSTRRES1_1(1.0),IT,JAN,9,Y31,2020,107778,
IT1:29_7_DF_DCIS_POPSTRRES1_1(1.0),IT,JAN,9,Y31,2021,103098,
IT1:29_7_DF_DCIS_POPSTRRES1_1(1.0),IT,JAN,9,Y31,2022,95555,
IT1:29_7_DF_DCIS_POPSTRRES1_1(1.0),IT,JAN,9,Y31,2023,91584,
IT1:29_7_DF_DCIS_POPSTRRES1_1(1.0),IT,JAN,9,Y31,2024,96962,
IT1:29_7_DF_DCIS_POPSTRRES1_1(1.0),IT,JAN,9,Y31,2025,95793,
IT1:29_7_DF_DCIS_POPSTRRES1_1(1.0),IT,JAN,9,Y31,2026,103769,e
IT1:29_7_DF_DCIS_POPSTRRES1_1(1.0),IT,JAN,9,Y32,2019,112906,
IT1:29_7_DF_DCIS_POPSTRRES1_1(1.0),IT,JAN,9,Y32,2020,111806,
IT1:29_7_DF_DCIS_POPSTRRES1_1(1.0),IT,JAN,9,Y32,2021,110205,
IT1:29_7_DF_DCIS_POPSTRRES1_1(1.0),IT,JAN,9,Y32,2022,100028,
IT1:29_7_DF_DCIS_POPSTRRES1_1(1.0),IT,JAN,9,Y32,2023,99941,
IT1:29_7_DF_DCIS_POPSTRRES1_1(1.0),IT,JAN,9,Y32,2024,95545,
IT1:29_7_DF_DCIS_POPSTRRES1_1(1.0),IT,JAN,9,Y32,2025,101791,
IT1:29_7_DF_DCIS_POPSTRRES1_1(1.0),IT,JAN,9,Y32,2026,103085,e
IT1:29_7_DF_DCIS_POPSTRRES1_1(1.0),IT,JAN,9,Y33,2019,112466,
IT1:29_7_DF_DCIS_POPSTRRES1_1(1.0),IT,JAN,9,Y33,2020,113190,
IT1:29_7_DF_DCIS_POPSTRRES1_1(1.0),IT,JAN,9,Y33,2021,113662,
IT1:29_7_DF_DCIS_POPSTRRES1_1(1.0),IT,JAN,9,Y33,2022,107463,
IT1:29_7_DF_DCIS_POPSTRRES1_1(1.0),IT,JAN,9,Y33,2023,103862,
IT1:29_7_DF_DCIS_POPSTRRES1_1(1.0),IT,JAN,9,Y33,2024,103932,
IT1:29_7_DF_DCIS_POPSTRRES1_1(1.0),IT,JAN,9,Y33,2025,99638,
IT1:29_7_DF_DCIS_POPSTRRES1_1(1.0),IT,JAN,9,Y33,2026,108106,e
IT1:29_7_DF_DCIS_POPSTRRES1_1(1.0),IT,JAN,9,Y34,2019,114303,
IT1:29_7_DF_DCIS_POPSTRRES1_1(1.0),IT,JAN,9,Y34,2020,112523,
IT1:29_7_DF_DCIS_POPSTRRES1_1(1.0),IT,JAN,9,Y34,2021,114416,
IT1:29_7_DF_DCIS_POPSTRRES1_1(1.0),IT,JAN,9,Y34,2022,110546,
IT1:29_7_DF_DCIS_POPSTRRES1_1(1.0),IT,JAN,9,Y34,2023,110732,
IT1:29_7_DF_DCIS_POPSTRRES1_1(1.0),IT,JAN,9,Y34,2024,107059,
IT1:29_7_DF_DCIS_POPSTRRES1_1(1.0),IT,JAN,9,Y34,2025,107745,
IT1:29_7_DF_DCIS_POPSTRRES1_1(1.0),IT,JAN,9,Y34,2026,105529,e
IT1:29_7_DF_DCIS_POPSTRRES1_1(1.0),IT,JAN,9,Y35,2019,112228,
IT1:29_7_DF_DCIS_POPSTRRES1_1(1.0),IT,JAN,9,Y35,2020,113986,
IT1:29_7_DF_DCIS_POPSTRRES1_1(1.0),IT,JAN,9,Y35,2021,113401,
IT1:29_7_DF_DCIS_POPSTRRES1_1(1.0),IT,JAN,9,Y35,2022,111377,
IT1:29_7_DF_DCIS_POPSTRRES1_1(1.0),IT,JAN,9,Y35,2023,113324,
IT1:29_7_DF_DCIS_POPSTRRES1_1(1.0),IT,JAN,9,Y35,2024,113731,
IT1:29_7_DF_DCIS_POPSTRRES1_1(1.0),IT,JAN,9,Y35,2025,110052,
IT1:29_7_DF_DCIS_POPSTRRES1_1(1.0),IT,JAN,9,Y35,2026,112442,e
IT1:29_7_DF_DCIS_POPSTRRES1_1(1.0),IT,JAN,9,Y36,2019,116563,
IT1:29_7_DF_DCIS_POPSTRRES1_1(1.0),IT,JAN,9,Y36,2020,111772,
IT1:29_7_DF_DCIS_POPSTRRES1_1(1.0),IT,JAN,9,Y36,2021,114746,
IT1:29_7_DF_DCIS_POPSTRRES1_1(1.0),IT,JAN,9,Y36,2022,110450,
IT1:29_7_DF_DCIS_POPSTRRES1_1(1.0),IT,JAN,9,Y36,2023,113747,
IT1:29_7_DF_DCIS_POPSTRRES1_1(1.0),IT,JAN,9,Y36,2024,115820,
IT1:29_7_DF_DCIS_POPSTRRES1_1(1.0),IT,JAN,9,Y36,2025,116268,
IT1:29_7_DF_DCIS_POPSTRRES1_1(1.0),IT,JAN,9,Y36,2026,113988,e
IT1:29_7_DF_DCIS_POPSTRRES1_1(1.0),IT,JAN,9,Y37,2019,114726,
IT1:29_7_DF_DCIS_POPSTRRES1_1(1.0),IT,JAN,9,Y37,2020,115924,
IT1:29_7_DF_DCIS_POPSTRRES1_1(1.0),IT,JAN,9,Y37,2021,112673,
IT1:29_7_DF_DCIS_POPSTRRES1_1(1.0),IT,JAN,9,Y37,2022,111611,
IT1:29_7_DF_DCIS_POPSTRRES1_1(1.0),IT,JAN,9,Y37,2023,112400,
IT1:29_7_DF_DCIS_POPSTRRES1_1(1.0),IT,JAN,9,Y37,2024,115624,
IT1:29_7_DF_DCIS_POPSTRRES1_1(1.0),IT,JAN,9,Y37,2025,117551,
IT1:29_7_DF_DCIS_POPSTRRES1_1(1.0),IT,JAN,9,Y37,2026,119225,e
IT1:29_7_DF_DCIS_POPSTRRES1_1(1.0),IT,JAN,9,Y38,2019,118615,
IT1:29_7_DF_DCIS_POPSTRRES1_1(1.0),IT,JAN,9,Y38,2020,113810,
IT1:29_7_DF_DCIS_POPSTRRES1_1(1.0),IT,JAN,9,Y38,2021,116694,
IT1:29_7_DF_DCIS_POPSTRRES1_1(1.0),IT,JAN,9,Y38,2022,109162,
IT1:29_7_DF_DCIS_POPSTRRES1_1(1.0),IT,JAN,9,Y38,2023,112790,
IT1:29_7_DF_DCIS_POPSTRRES1_1(1.0),IT,JAN,9,Y38,2024,113787,
IT1:29_7_DF_DCIS_POPSTRRES1_1(1.0),IT,JAN,9,Y38,2025,116710,
IT1:29_7_DF_DCIS_POPSTRRES1_1(1.0),IT,JAN,9,Y38,2026,120205,e
IT1:29_7_DF_DCIS_POPSTRRES1_1(1.0),IT,JAN,9,Y39,2019,115541,
IT1:29_7_DF_DCIS_POPSTRRES1_1(1.0),IT,JAN,9,Y39,2020,117481,
IT1:29_7_DF_DCIS_POPSTRRES1_1(1.0),IT,JAN,9,Y39,2021,114351,
IT1:29_7_DF_DCIS_POPSTRRES1_1(1.0),IT,JAN,9,Y39,2022,113046,
IT1:29_7_DF_DCIS_POPSTRRES1_1(1.0),IT,JAN,9,Y39,2023,110138,
IT1:29_7_DF_DCIS_POPSTRRES1_1(1.0),IT,JAN,9,Y39,2024,113650,
IT1:29_7_DF_DCIS_POPSTRRES1_1(1.0),IT,JAN,9,Y39,2025,114683,
IT1:29_7_DF_DCIS_POPSTRRES1_1(1.0),IT,JAN,9,Y39,2026,118842,e
IT1:29_7_DF_DCIS_POPSTRRES1_1(1.0),IT,JAN,9,Y4,2019,65533,
IT1:29_7_DF_DCIS_POPSTRRES1_1(1.0),IT,JAN,9,Y4,2020,64395,
IT1:29_7_DF_DCIS_POPSTRRES1_1(1.0),IT,JAN,9,Y4,2021,67790,
IT1:29_7_DF_DCIS_POPSTRRES1_1(1.0),IT,JAN,9,Y4,2022,66141,
IT1:29_7_DF_DCIS_POPSTRRES1_1(1.0),IT,JAN,9,Y4,2023,62128,
IT1:29_7_DF_DCIS_POPSTRRES1_1(1.0),IT,JAN,9,Y4,2024,59916,
IT1:29_7_DF_DCIS_POPSTRRES1_1(1.0),IT,JAN,9,Y4,2025,56228,
IT1:29_7_DF_DCIS_POPSTRRES1_1(1.0),IT,JAN,9,Y4,2026,53330,e
IT1:29_7_DF_DCIS_POPSTRRES1_1(1.0),IT,JAN,9,Y40,2019,113946,
IT1:29_7_DF_DCIS_POPSTRRES1_1(1.0),IT,JAN,9,Y40,2020,114167,
IT1:29_7_DF_DCIS_POPSTRRES1_1(1.0),IT,JAN,9,Y40,2021,117562,
IT1:29_7_DF_DCIS_POPSTRRES1_1(1.0),IT,JAN,9,Y40,2022,110461,
IT1:29_7_DF_DCIS_POPSTRRES1_1(1.0),IT,JAN,9,Y40,2023,113573,
IT1:29_7_DF_DCIS_POPSTRRES1_1(1.0),IT,JAN,9,Y40,2024,110563,
IT1:29_7_DF_DCIS_POPSTRRES1_1(1.0),IT,JAN,9,Y40,2025,113773,
IT1:29_7_DF_DCIS_POPSTRRES1_1(1.0),IT,JAN,9,Y40,2026,116298,e
IT1:29_7_DF_DCIS_POPSTRRES1_1(1.0),IT,JAN,9,Y41,2019,109967,
IT1:29_7_DF_DCIS_POPSTRRES1_1(1.0),IT,JAN,9,Y41,2020,112450,
IT1:29_7_DF_DCIS_POPSTRRES1_1(1.0),IT,JAN,9,Y41,2021,114113,
IT1:29_7_DF_DCIS_POPSTRRES1_1(1.0),IT,JAN,9,Y41,2022,113730,
IT1:29_7_DF_DCIS_POPSTRRES1_1(1.0),IT,JAN,9,Y41,2023,110592,
IT1:29_7_DF_DCIS_POPSTRRES1_1(1.0),IT,JAN,9,Y41,2024,113721,
IT1:29_7_DF_DCIS_POPSTRRES1_1(1.0),IT,JAN,9,Y41,2025,110167,
IT1:29_7_DF_DCIS_POPSTRRES1_1(1.0),IT,JAN,9,Y41,2026,114959,e
IT1:29_7_DF_DCIS_POPSTRRES1_1(1.0),IT,JAN,9,Y42,2019,107155,
IT1:29_7_DF_DCIS_POPSTRRES1_1(1.0),IT,JAN,9,Y42,2020,108540,
IT1:29_7_DF_DCIS_POPSTRRES1_1(1.0),IT,JAN,9,Y42,2021,112406,
IT1:29_7_DF_DCIS_POPSTRRES1_1(1.0),IT,JAN,9,Y42,2022,110350,
IT1:29_7_DF_DCIS_POPSTRRES1_1(1.0),IT,JAN,9,Y42,2023,113419,
IT1:29_7_DF_DCIS_POPSTRRES1_1(1.0),IT,JAN,9,Y42,2024,110357,
IT1:29_7_DF_DCIS_POPSTRRES1_1(1.0),IT,JAN,9,Y42,2025,113277,
IT1:29_7_DF_DCIS_POPSTRRES1_1(1.0),IT,JAN,9,Y42,2026,111384,e
IT1:29_7_DF_DCIS_POPSTRRES1_1(1.0),IT,JAN,9,Y43,2019,103669,
IT1:29_7_DF_DCIS_POPSTRRES1_1(1.0),IT,JAN,9,Y43,2020,105725,
IT1:29_7_DF_DCIS_POPSTRRES1_1(1.0),IT,JAN,9,Y43,2021,108802,
IT1:29_7_DF_DCIS_POPSTRRES1_1(1.0),IT,JAN,9,Y43,2022,108596,
IT1:29_7_DF_DCIS_POPSTRRES1_1(1.0),IT,JAN,9,Y43,2023,109827,
IT1:29_7_DF_DCIS_POPSTRRES1_1(1.0),IT,JAN,9,Y43,2024,113039,
IT1:29_7_DF_DCIS_POPSTRRES1_1(1.0),IT,JAN,9,Y43,2025,109441,
IT1:29_7_DF_DCIS_POPSTRRES1_1(1.0),IT,JAN,9,Y43,2026,113997,e
IT1:29_7_DF_DCIS_POPSTRRES1_1(1.0),IT,JAN,9,Y44,2019,99472,
IT1:29_7_DF_DCIS_POPSTRRES1_1(1.0),IT,JAN,9,Y44,2020,102480,
IT1:29_7_DF_DCIS_POPSTRRES1_1(1.0),IT,JAN,9,Y44,2021,105839,
IT1:29_7_DF_DCIS_POPSTRRES1_1(1.0),IT,JAN,9,Y44,2022,105292,
IT1:29_7_DF_DCIS_POPSTRRES1_1(1.0),IT,JAN,9,Y44,2023,107808,
IT1:29_7_DF_DCIS_POPSTRRES1_1(1.0),IT,JAN,9,Y44,2024,108971,
IT1:29_7_DF_DCIS_POPSTRRES1_1(1.0),IT,JAN,9,Y44,2025,111817,
IT1:29_7_DF_DCIS_POPSTRRES1_1(1.0),IT,JAN,9,Y44,2026,109839,e
IT1:29_7_DF_DCIS_POPSTRRES1_1(1.0),IT,JAN,9,Y45,2019,92200,
IT1:29_7_DF_DCIS_POPSTRRES1_1(1.0),IT,JAN,9,Y45,2020,97990,
IT1:29_7_DF_DCIS_POPSTRRES1_1(1.0),IT,JAN,9,Y45,2021,103097,
IT1:29_7_DF_DCIS_POPSTRRES1_1(1.0),IT,JAN,9,Y45,2022,102145,
IT1:29_7_DF_DCIS_POPSTRRES1_1(1.0),IT,JAN,9,Y45,2023,104379,
IT1:29_7_DF_DCIS_POPSTRRES1_1(1.0),IT,JAN,9,Y45,2024,107055,
IT1:29_7_DF_DCIS_POPSTRRES1_1(1.0),IT,JAN,9,Y45,2025,107794,
IT1:29_7_DF_DCIS_POPSTRRES1_1(1.0),IT,JAN,9,Y45,2026,111732,e
IT1:29_7_DF_DCIS_POPSTRRES1_1(1.0),IT,JAN,9,Y46,2019,91589,
IT1:29_7_DF_DCIS_POPSTRRES1_1(1.0),IT,JAN,9,Y46,2020,90857,
IT1:29_7_DF_DCIS_POPSTRRES1_1(1.0),IT,JAN,9,Y46,2021,98521,
IT1:29_7_DF_DCIS_POPSTRRES1_1(1.0),IT,JAN,9,Y46,2022,99333,
IT1:29_7_DF_DCIS_POPSTRRES1_1(1.0),IT,JAN,9,Y46,2023,101168,
IT1:29_7_DF_DCIS_POPSTRRES1_1(1.0),IT,JAN,9,Y46,2024,103568,
IT1:29_7_DF_DCIS_POPSTRRES1_1(1.0),IT,JAN,9,Y46,2025,105928,
IT1:29_7_DF_DCIS_POPSTRRES1_1(1.0),IT,JAN,9,Y46,2026,107450,e
IT1:29_7_DF_DCIS_POPSTRRES1_1(1.0),IT,JAN,9,Y47,2019,86653,
IT1:29_7_DF_DCIS_POPSTRRES1_1(1.0),IT,JAN,9,Y47,2020,90180,
IT1:29_7_DF_DCIS_POPSTRRES1_1(1.0),IT,JAN,9,Y47,2021,91569,
IT1:29_7_DF_DCIS_POPSTRRES1_1(1.0),IT,JAN,9,Y47,2022,94886,
IT1:29_7_DF_DCIS_POPSTRRES1_1(1.0),IT,JAN,9,Y47,2023,98310,
IT1:29_7_DF_DCIS_POPSTRRES1_1(1.0),IT,JAN,9,Y47,2024,100367,
IT1:29_7_DF_DCIS_POPSTRRES1_1(1.0),IT,JAN,9,Y47,2025,102274,
IT1:29_7_DF_DCIS_POPSTRRES1_1(1.0),IT,JAN,9,Y47,2026,105367,e
IT1:29_7_DF_DCIS_POPSTRRES1_1(1.0),IT,JAN,9,Y48,2019,86380,
IT1:29_7_DF_DCIS_POPSTRRES1_1(1.0),IT,JAN,9,Y48,2020,85513,
IT1:29_7_DF_DCIS_POPSTRRES1_1(1.0),IT,JAN,9,Y48,2021,91085,
IT1:29_7_DF_DCIS_POPSTRRES1_1(1.0),IT,JAN,9,Y48,2022,88243,
IT1:29_7_DF_DCIS_POPSTRRES1_1(1.0),IT,JAN,9,Y48,2023,93696,
IT1:29_7_DF_DCIS_POPSTRRES1_1(1.0),IT,JAN,9,Y48,2024,97692,
IT1:29_7_DF_DCIS_POPSTRRES1_1(1.0),IT,JAN,9,Y48,2025,99029,
IT1:29_7_DF_DCIS_POPSTRRES1_1(1.0),IT,JAN,9,Y48,2026,101572,e
IT1:29_7_DF_DCIS_POPSTRRES1_1(1.0),IT,JAN,9,Y49,2019,83970,
IT1:29_7_DF_DCIS_POPSTRRES1_1(1.0),IT,JAN,9,Y49,2020,85198,
IT1:29_7_DF_DCIS_POPSTRRES1_1(1.0),IT,JAN,9,Y49,2021,86138,
IT1:29_7_DF_DCIS_POPSTRRES1_1(1.0),IT,JAN,9,Y49,2022,87473,
IT1:29_7_DF_DCIS_POPSTRRES1_1(1.0),IT,JAN,9,Y49,2023,87475,
IT1:29_7_DF_DCIS_POPSTRRES1_1(1.0),IT,JAN,9,Y49,2024,93050,
IT1:29_7_DF_DCIS_POPSTRRES1_1(1.0),IT,JAN,9,Y49,2025,96258,
IT1:29_7_DF_DCIS_POPSTRRES1_1(1.0),IT,JAN,9,Y49,2026,97941,e
IT1:29_7_DF_DCIS_POPSTRRES1_1(1.0),IT,JAN,9,Y5,2019,64476,
IT1:29_7_DF_DCIS_POPSTRRES1_1(1.0),IT,JAN,9,Y5,2020,65062,
IT1:29_7_DF_DCIS_POPSTRRES1_1(1.0),IT,JAN,9,Y5,2021,67576,
IT1:29_7_DF_DCIS_POPSTRRES1_1(1.0),IT,JAN,9,Y5,2022,65333,
IT1:29_7_DF_DCIS_POPSTRRES1_1(1.0),IT,JAN,9,Y5,2023,64906,
IT1:29_7_DF_DCIS_POPSTRRES1_1(1.0),IT,JAN,9,Y5,2024,61329,
IT1:29_7_DF_DCIS_POPSTRRES1_1(1.0),IT,JAN,9,Y5,2025,58799,
IT1:29_7_DF_DCIS_POPSTRRES1_1(1.0),IT,JAN,9,Y5,2026,57393,e
IT1:29_7_DF_DCIS_POPSTRRES1_1(1.0),IT,JAN,9,Y50,2019,84435,
IT1:29_7_DF_DCIS_POPSTRRES1_1(1.0),IT,JAN,9,Y50,2020,82702,
IT1:29_7_DF_DCIS_POPSTRRES1_1(1.0),IT,JAN,9,Y50,2021,85771,
IT1:29_7_DF_DCIS_POPSTRRES1_1(1.0),IT,JAN,9,Y50,2022,82552,
IT1:29_7_DF_DCIS_POPSTRRES1_1(1.0),IT,JAN,9,Y50,2023,86655,
IT1:29_7_DF_DCIS_POPSTRRES1_1(1.0),IT,JAN,9,Y50,2024,86727,
IT1:29_7_DF_DCIS_POPSTRRES1_1(1.0),IT,JAN,9,Y50,2025,91846,
IT1:29_7_DF_DCIS_POPSTRRES1_1(1.0),IT,JAN,9,Y50,2026,95163,e
IT1:29_7_DF_DCIS_POPSTRRES1_1(1.0),IT,JAN,9,Y51,2019,78527,
IT1:29_7_DF_DCIS_POPSTRRES1_1(1.0),IT,JAN,9,Y51,2020,83162,
IT1:29_7_DF_DCIS_POPSTRRES1_1(1.0),IT,JAN,9,Y51,2021,83055,
IT1:29_7_DF_DCIS_POPSTRRES1_1(1.0),IT,JAN,9,Y51,2022,82492,
IT1:29_7_DF_DCIS_POPSTRRES1_1(1.0),IT,JAN,9,Y51,2023,81801,
IT1:29_7_DF_DCIS_POPSTRRES1_1(1.0),IT,JAN,9,Y51,2024,86019,
IT1:29_7_DF_DCIS_POPSTRRES1_1(1.0),IT,JAN,9,Y51,2025,85384,
IT1:29_7_DF_DCIS_POPSTRRES1_1(1.0),IT,JAN,9,Y51,2026,90929,e
IT1:29_7_DF_DCIS_POPSTRRES1_1(1.0),IT,JAN,9,Y52,2019,65338,
IT1:29_7_DF_DCIS_POPSTRRES1_1(1.0),IT,JAN,9,Y52,2020,77394,
IT1:29_7_DF_DCIS_POPSTRRES1_1(1.0),IT,JAN,9,Y52,2021,82930,
IT1:29_7_DF_DCIS_POPSTRRES1_1(1.0),IT,JAN,9,Y52,2022,79819,
IT1:29_7_DF_DCIS_POPSTRRES1_1(1.0),IT,JAN,9,Y52,2023,81640,
IT1:29_7_DF_DCIS_POPSTRRES1_1(1.0),IT,JAN,9,Y52,2024,81325,
IT1:29_7_DF_DCIS_POPSTRRES1_1(1.0),IT,JAN,9,Y52,2025,84773,
IT1:29_7_DF_DCIS_POPSTRRES1_1(1.0),IT,JAN,9,Y52,2026,84524,e
IT1:29_7_DF_DCIS_POPSTRRES1_1(1.0),IT,JAN,9,Y53,2019,62590,
IT1:29_7_DF_DCIS_POPSTRRES1_1(1.0),IT,JAN,9,Y53,2020,64470,
IT1:29_7_DF_DCIS_POPSTRRES1_1(1.0),IT,JAN,9,Y53,2021,77080,
IT1:29_7_DF_DCIS_POPSTRRES1_1(1.0),IT,JAN,9,Y53,2022,79776,
IT1:29_7_DF_DCIS_POPSTRRES1_1(1.0),IT,JAN,9,Y53,2023,79213,
IT1:29_7_DF_DCIS_POPSTRRES1_1(1.0),IT,JAN,9,Y53,2024,80699,
IT1:29_7_DF_DCIS_POPSTRRES1_1(1.0),IT,JAN,9,Y53,2025,80015,
IT1:29_7_DF_DCIS_POPSTRRES1_1(1.0),IT,JAN,9,Y53,2026,83827,e
IT1:29_7_DF_DCIS_POPSTRRES1_1(1.0),IT,JAN,9,Y54,2019,60973,
IT1:29_7_DF_DCIS_POPSTRRES1_1(1.0),IT,JAN,9,Y54,2020,61737,
IT1:29_7_DF_DCIS_POPSTRRES1_1(1.0),IT,JAN,9,Y54,2021,64640,
IT1:29_7_DF_DCIS_POPSTRRES1_1(1.0),IT,JAN,9,Y54,2022,74020,
IT1:29_7_DF_DCIS_POPSTRRES1_1(1.0),IT,JAN,9,Y54,2023,79046,
IT1:29_7_DF_DCIS_POPSTRRES1_1(1.0),IT,JAN,9,Y54,2024,78434,
IT1:29_7_DF_DCIS_POPSTRRES1_1(1.0),IT,JAN,9,Y54,2025,79534,
IT1:29_7_DF_DCIS_POPSTRRES1_1(1.0),IT,JAN,9,Y54,2026,78929,e
IT1:29_7_DF_DCIS_POPSTRRES1_1(1.0),IT,JAN,9,Y55,2019,58007,
IT1:29_7_DF_DCIS_POPSTRRES1_1(1.0),IT,JAN,9,Y55,2020,60257,
IT1:29_7_DF_DCIS_POPSTRRES1_1(1.0),IT,JAN,9,Y55,2021,61766,
IT1:29_7_DF_DCIS_POPSTRRES1_1(1.0),IT,JAN,9,Y55,2022,61958,
IT1:29_7_DF_DCIS_POPSTRRES1_1(1.0),IT,JAN,9,Y55,2023,73564,
IT1:29_7_DF_DCIS_POPSTRRES1_1(1.0),IT,JAN,9,Y55,2024,78294,
IT1:29_7_DF_DCIS_POPSTRRES1_1(1.0),IT,JAN,9,Y55,2025,77096,
IT1:29_7_DF_DCIS_POPSTRRES1_1(1.0),IT,JAN,9,Y55,2026,78307,e
IT1:29_7_DF_DCIS_POPSTRRES1_1(1.0),IT,JAN,9,Y56,2019,55672,
IT1:29_7_DF_DCIS_POPSTRRES1_1(1.0),IT,JAN,9,Y56,2020,57349,
IT1:29_7_DF_DCIS_POPSTRRES1_1(1.0),IT,JAN,9,Y56,2021,60106,
IT1:29_7_DF_DCIS_POPSTRRES1_1(1.0),IT,JAN,9,Y56,2022,59148,
IT1:29_7_DF_DCIS_POPSTRRES1_1(1.0),IT,JAN,9,Y56,2023,61588,
IT1:29_7_DF_DCIS_POPSTRRES1_1(1.0),IT,JAN,9,Y56,2024,72592,
IT1:29_7_DF_DCIS_POPSTRRES1_1(1.0),IT,JAN,9,Y56,2025,76998,
IT1:29_7_DF_DCIS_POPSTRRES1_1(1.0),IT,JAN,9,Y56,2026,75664,e
IT1:29_7_DF_DCIS_POPSTRRES1_1(1.0),IT,JAN,9,Y57,2019,51795,
IT1:29_7_DF_DCIS_POPSTRRES1_1(1.0),IT,JAN,9,Y57,2020,55013,
IT1:29_7_DF_DCIS_POPSTRRES1_1(1.0),IT,JAN,9,Y57,2021,57011,
IT1:29_7_DF_DCIS_POPSTRRES1_1(1.0),IT,JAN,9,Y57,2022,57619,
IT1:29_7_DF_DCIS_POPSTRRES1_1(1.0),IT,JAN,9,Y57,2023,58699,
IT1:29_7_DF_DCIS_POPSTRRES1_1(1.0),IT,JAN,9,Y57,2024,61057,
IT1:29_7_DF_DCIS_POPSTRRES1_1(1.0),IT,JAN,9,Y57,2025,71257,
IT1:29_7_DF_DCIS_POPSTRRES1_1(1.0),IT,JAN,9,Y57,2026,75408,e
IT1:29_7_DF_DCIS_POPSTRRES1_1(1.0),IT,JAN,9,Y58,2019,51584,
IT1:29_7_DF_DCIS_POPSTRRES1_1(1.0),IT,JAN,9,Y58,2020,51183,
IT1:29_7_DF_DCIS_POPSTRRES1_1(1.0),IT,JAN,9,Y58,2021,54374,
IT1:29_7_DF_DCIS_POPSTRRES1_1(1.0),IT,JAN,9,Y58,2022,54492,
IT1:29_7_DF_DCIS_POPSTRRES1_1(1.0),IT,JAN,9,Y58,2023,57298,
IT1:29_7_DF_DCIS_POPSTRRES1_1(1.0),IT,JAN,9,Y58,2024,58152,
IT1:29_7_DF_DCIS_POPSTRRES1_1(1.0),IT,JAN,9,Y58,2025,60144,
IT1:29_7_DF_DCIS_POPSTRRES1_1(1.0),IT,JAN,9,Y58,2026,69794,e
IT1:29_7_DF_DCIS_POPSTRRES1_1(1.0),IT,JAN,9,Y59,2019,46478,
IT1:29_7_DF_DCIS_POPSTRRES1_1(1.0),IT,JAN,9,Y59,2020,50982,
IT1:29_7_DF_DCIS_POPSTRRES1_1(1.0),IT,JAN,9,Y59,2021,50275,
IT1:29_7_DF_DCIS_POPSTRRES1_1(1.0),IT,JAN,9,Y59,2022,51786,
IT1:29_7_DF_DCIS_POPSTRRES1_1(1.0),IT,JAN,9,Y59,2023,54236,
IT1:29_7_DF_DCIS_POPSTRRES1_1(1.0),IT,JAN,9,Y59,2024,56603,
IT1:29_7_DF_DCIS_POPSTRRES1_1(1.0),IT,JAN,9,Y59,2025,57197,
IT1:29_7_DF_DCIS_POPSTRRES1_1(1.0),IT,JAN,9,Y59,2026,58983,e
IT1:29_7_DF_DCIS_POPSTRRES1_1(1.0),IT,JAN,9,Y6,2019,64975,
IT1:29_7_DF_DCIS_POPSTRRES1_1(1.0),IT,JAN,9,Y6,2020,63605,
IT1:29_7_DF_DCIS_POPSTRRES1_1(1.0),IT,JAN,9,Y6,2021,64456,
IT1:29_7_DF_DCIS_POPSTRRES1_1(1.0),IT,JAN,9,Y6,2022,64467,
IT1:29_7_DF_DCIS_POPSTRRES1_1(1.0),IT,JAN,9,Y6,2023,64003,
IT1:29_7_DF_DCIS_POPSTRRES1_1(1.0),IT,JAN,9,Y6,2024,63538,
IT1:29_7_DF_DCIS_POPSTRRES1_1(1.0),IT,JAN,9,Y6,2025,59965,
IT1:29_7_DF_DCIS_POPSTRRES1_1(1.0),IT,JAN,9,Y6,2026,59855,e
IT1:29_7_DF_DCIS_POPSTRRES1_1(1.0),IT,JAN,9,Y60,2019,44045,
IT1:29_7_DF_DCIS_POPSTRRES1_1(1.0),IT,JAN,9,Y60,2020,45848,
IT1:29_7_DF_DCIS_POPSTRRES1_1(1.0),IT,JAN,9,Y60,2021,49743,
IT1:29_7_DF_DCIS_POPSTRRES1_1(1.0),IT,JAN,9,Y60,2022,47490,
IT1:29_7_DF_DCIS_POPSTRRES1_1(1.0),IT,JAN,9,Y60,2023,51763,
IT1:29_7_DF_DCIS_POPSTRRES1_1(1.0),IT,JAN,9,Y60,2024,53509,
IT1:29_7_DF_DCIS_POPSTRRES1_1(1.0),IT,JAN,9,Y60,2025,55560,
IT1:29_7_DF_DCIS_POPSTRRES1_1(1.0),IT,JAN,9,Y60,2026,55981,e
IT1:29_7_DF_DCIS_POPSTRRES1_1(1.0),IT,JAN,9,Y61,2019,39895,
IT1:29_7_DF_DCIS_POPSTRRES1_1(1.0),IT,JAN,9,Y61,2020,43593,
IT1:29_7_DF_DCIS_POPSTRRES1_1(1.0),IT,JAN,9,Y61,2021,44473,
IT1:29_7_DF_DCIS_POPSTRRES1_1(1.0),IT,JAN,9,Y61,2022,46752,
IT1:29_7_DF_DCIS_POPSTRRES1_1(1.0),IT,JAN,9,Y61,2023,47379,
IT1:29_7_DF_DCIS_POPSTRRES1_1(1.0),IT,JAN,9,Y61,2024,51011,
IT1:29_7_DF_DCIS_POPSTRRES1_1(1.0),IT,JAN,9,Y61,2025,52473,
IT1:29_7_DF_DCIS_POPSTRRES1_1(1.0),IT,JAN,9,Y61,2026,54302,e
IT1:29_7_DF_DCIS_POPSTRRES1_1(1.0),IT,JAN,9,Y62,2019,36440,
IT1:29_7_DF_DCIS_POPSTRRES1_1(1.0),IT,JAN,9,Y62,2020,39327,
IT1:29_7_DF_DCIS_POPSTRRES1_1(1.0),IT,JAN,9,Y62,2021,41642,
IT1:29_7_DF_DCIS_POPSTRRES1_1(1.0),IT,JAN,9,Y62,2022,41492,
IT1:29_7_DF_DCIS_POPSTRRES1_1(1.0),IT,JAN,9,Y62,2023,46797,
IT1:29_7_DF_DCIS_POPSTRRES1_1(1.0),IT,JAN,9,Y62,2024,46580,
IT1:29_7_DF_DCIS_POPSTRRES1_1(1.0),IT,JAN,9,Y62,2025,50046,
IT1:29_7_DF_DCIS_POPSTRRES1_1(1.0),IT,JAN,9,Y62,2026,51205,e
IT1:29_7_DF_DCIS_POPSTRRES1_1(1.0),IT,JAN,9,Y63,2019,33127,
IT1:29_7_DF_DCIS_POPSTRRES1_1(1.0),IT,JAN,9,Y63,2020,35935,
IT1:29_7_DF_DCIS_POPSTRRES1_1(1.0),IT,JAN,9,Y63,2021,37278,
IT1:29_7_DF_DCIS_POPSTRRES1_1(1.0),IT,JAN,9,Y63,2022,38696,
IT1:29_7_DF_DCIS_POPSTRRES1_1(1.0),IT,JAN,9,Y63,2023,41454,
IT1:29_7_DF_DCIS_POPSTRRES1_1(1.0),IT,JAN,9,Y63,2024,45961,
IT1:29_7_DF_DCIS_POPSTRRES1_1(1.0),IT,JAN,9,Y63,2025,45670,
IT1:29_7_DF_DCIS_POPSTRRES1_1(1.0),IT,JAN,9,Y63,2026,48647,e
IT1:29_7_DF_DCIS_POPSTRRES1_1(1.0),IT,JAN,9,Y64,2019,29522,
IT1:29_7_DF_DCIS_POPSTRRES1_1(1.0),IT,JAN,9,Y64,2020,32803,
IT1:29_7_DF_DCIS_POPSTRRES1_1(1.0),IT,JAN,9,Y64,2021,34094,
IT1:29_7_DF_DCIS_POPSTRRES1_1(1.0),IT,JAN,9,Y64,2022,34583,
IT1:29_7_DF_DCIS_POPSTRRES1_1(1.0),IT,JAN,9,Y64,2023,38954,
IT1:29_7_DF_DCIS_POPSTRRES1_1(1.0),IT,JAN,9,Y64,2024,40665,
IT1:29_7_DF_DCIS_POPSTRRES1_1(1.0),IT,JAN,9,Y64,2025,45019,
IT1:29_7_DF_DCIS_POPSTRRES1_1(1.0),IT,JAN,9,Y64,2026,44457,e
IT1:29_7_DF_DCIS_POPSTRRES1_1(1.0),IT,JAN,9,Y65,2019,25733,
IT1:29_7_DF_DCIS_POPSTRRES1_1(1.0),IT,JAN,9,Y65,2020,29219,
IT1:29_7_DF_DCIS_POPSTRRES1_1(1.0),IT,JAN,9,Y65,2021,30991,
IT1:29_7_DF_DCIS_POPSTRRES1_1(1.0),IT,JAN,9,Y65,2022,31314,
IT1:29_7_DF_DCIS_POPSTRRES1_1(1.0),IT,JAN,9,Y65,2023,34901,
IT1:29_7_DF_DCIS_POPSTRRES1_1(1.0),IT,JAN,9,Y65,2024,38005,
IT1:29_7_DF_DCIS_POPSTRRES1_1(1.0),IT,JAN,9,Y65,2025,39931,
IT1:29_7_DF_DCIS_POPSTRRES1_1(1.0),IT,JAN,9,Y65,2026,43599,e
IT1:29_7_DF_DCIS_POPSTRRES1_1(1.0),IT,JAN,9,Y66,2019,23530,
IT1:29_7_DF_DCIS_POPSTRRES1_1(1.0),IT,JAN,9,Y66,2020,25516,
IT1:29_7_DF_DCIS_POPSTRRES1_1(1.0),IT,JAN,9,Y66,2021,27383,
IT1:29_7_DF_DCIS_POPSTRRES1_1(1.0),IT,JAN,9,Y66,2022,28389,
IT1:29_7_DF_DCIS_POPSTRRES1_1(1.0),IT,JAN,9,Y66,2023,31761,
IT1:29_7_DF_DCIS_POPSTRRES1_1(1.0),IT,JAN,9,Y66,2024,34105,
IT1:29_7_DF_DCIS_POPSTRRES1_1(1.0),IT,JAN,9,Y66,2025,37226,
IT1:29_7_DF_DCIS_POPSTRRES1_1(1.0),IT,JAN,9,Y66,2026,38689,e
IT1:29_7_DF_DCIS_POPSTRRES1_1(1.0),IT,JAN,9,Y67,2019,20151,
IT1:29_7_DF_DCIS_POPSTRRES1_1(1.0),IT,JAN,9,Y67,2020,23187,
IT1:29_7_DF_DCIS_POPSTRRES1_1(1.0),IT,JAN,9,Y67,2021,23520,
IT1:29_7_DF_DCIS_POPSTRRES1_1(1.0),IT,JAN,9,Y67,2022,24562,
IT1:29_7_DF_DCIS_POPSTRRES1_1(1.0),IT,JAN,9,Y67,2023,28566,
IT1:29_7_DF_DCIS_POPSTRRES1_1(1.0),IT,JAN,9,Y67,2024,30917,
IT1:29_7_DF_DCIS_POPSTRRES1_1(1.0),IT,JAN,9,Y67,2025,33054,
IT1:29_7_DF_DCIS_POPSTRRES1_1(1.0),IT,JAN,9,Y67,2026,35974,e
IT1:29_7_DF_DCIS_POPSTRRES1_1(1.0),IT,JAN,9,Y68,2019,19487,
IT1:29_7_DF_DCIS_POPSTRRES1_1(1.0),IT,JAN,9,Y68,2020,19914,
IT1:29_7_DF_DCIS_POPSTRRES1_1(1.0),IT,JAN,9,Y68,2021,21212,
IT1:29_7_DF_DCIS_POPSTRRES1_1(1.0),IT,JAN,9,Y68,2022,21071,
IT1:29_7_DF_DCIS_POPSTRRES1_1(1.0),IT,JAN,9,Y68,2023,25009,
IT1:29_7_DF_DCIS_POPSTRRES1_1(1.0),IT,JAN,9,Y68,2024,27751,
IT1:29_7_DF_DCIS_POPSTRRES1_1(1.0),IT,JAN,9,Y68,2025,30047,
IT1:29_7_DF_DCIS_POPSTRRES1_1(1.0),IT,JAN,9,Y68,2026,31924,e
IT1:29_7_DF_DCIS_POPSTRRES1_1(1.0),IT,JAN,9,Y69,2019,16943,
IT1:29_7_DF_DCIS_POPSTRRES1_1(1.0),IT,JAN,9,Y69,2020,19247,
IT1:29_7_DF_DCIS_POPSTRRES1_1(1.0),IT,JAN,9,Y69,2021,18114,
IT1:29_7_DF_DCIS_POPSTRRES1_1(1.0),IT,JAN,9,Y69,2022,19151,
IT1:29_7_DF_DCIS_POPSTRRES1_1(1.0),IT,JAN,9,Y69,2023,21386,
IT1:29_7_DF_DCIS_POPSTRRES1_1(1.0),IT,JAN,9,Y69,2024,24371,
IT1:29_7_DF_DCIS_POPSTRRES1_1(1.0),IT,JAN,9,Y69,2025,27286,
IT1:29_7_DF_DCIS_POPSTRRES1_1(1.0),IT,JAN,9,Y69,2026,28911,e
IT1:29_7_DF_DCIS_POPSTRRES1_1(1.0),IT,JAN,9,Y7,2019,61491,
IT1:29_7_DF_DCIS_POPSTRRES1_1(1.0),IT,JAN,9,Y7,2020,63881,
IT1:29_7_DF_DCIS_POPSTRRES1_1(1.0),IT,JAN,9,Y7,2021,62888,
IT1:29_7_DF_DCIS_POPSTRRES1_1(1.0),IT,JAN,9,Y7,2022,64576,
IT1:29_7_DF_DCIS_POPSTRRES1_1(1.0),IT,JAN,9,Y7,2023,62944,
IT1:29_7_DF_DCIS_POPSTRRES1_1(1.0),IT,JAN,9,Y7,2024,62726,
IT1:29_7_DF_DCIS_POPSTRRES1_1(1.0),IT,JAN,9,Y7,2025,62009,
IT1:29_7_DF_DCIS_POPSTRRES1_1(1.0),IT,JAN,9,Y7,2026,60762,e
IT1:29_7_DF_DCIS_POPSTRRES1_1(1.0),IT,JAN,9,Y70,2019,14742,
IT1:29_7_DF_DCIS_POPSTRRES1_1(1.0),IT,JAN,9,Y70,2020,16731,
IT1:29_7_DF_DCIS_POPSTRRES1_1(1.0),IT,JAN,9,Y70,2021,17626,
IT1:29_7_DF_DCIS_POPSTRRES1_1(1.0),IT,JAN,9,Y70,2022,16262,
IT1:29_7_DF_DCIS_POPSTRRES1_1(1.0),IT,JAN,9,Y70,2023,19487,
IT1:29_7_DF_DCIS_POPSTRRES1_1(1.0),IT,JAN,9,Y70,2024,20881,
IT1:29_7_DF_DCIS_POPSTRRES1_1(1.0),IT,JAN,9,Y70,2025,23906,
IT1:29_7_DF_DCIS_POPSTRRES1_1(1.0),IT,JAN,9,Y70,2026,26264,e
IT1:29_7_DF_DCIS_POPSTRRES1_1(1.0),IT,JAN,9,Y71,2019,12392,
IT1:29_7_DF_DCIS_POPSTRRES1_1(1.0),IT,JAN,9,Y71,2020,14567,
IT1:29_7_DF_DCIS_POPSTRRES1_1(1.0),IT,JAN,9,Y71,2021,15168,
IT1:29_7_DF_DCIS_POPSTRRES1_1(1.0),IT,JAN,9,Y71,2022,15775,
IT1:29_7_DF_DCIS_POPSTRRES1_1(1.0),IT,JAN,9,Y71,2023,16477,
IT1:29_7_DF_DCIS_POPSTRRES1_1(1.0),IT,JAN,9,Y71,2024,19033,
IT1:29_7_DF_DCIS_POPSTRRES1_1(1.0),IT,JAN,9,Y71,2025,20470,
IT1:29_7_DF_DCIS_POPSTRRES1_1(1.0),IT,JAN,9,Y71,2026,23046,e
IT1:29_7_DF_DCIS_POPSTRRES1_1(1.0),IT,JAN,9,Y72,2019,10580,
IT1:29_7_DF_DCIS_POPSTRRES1_1(1.0),IT,JAN,9,Y72,2020,12305,
IT1:29_7_DF_DCIS_POPSTRRES1_1(1.0),IT,JAN,9,Y72,2021,13176,
IT1:29_7_DF_DCIS_POPSTRRES1_1(1.0),IT,JAN,9,Y72,2022,13484,
IT1:29_7_DF_DCIS_POPSTRRES1_1(1.0),IT,JAN,9,Y72,2023,16035,
IT1:29_7_DF_DCIS_POPSTRRES1_1(1.0),IT,JAN,9,Y72,2024,16173,
IT1:29_7_DF_DCIS_POPSTRRES1_1(1.0),IT,JAN,9,Y72,2025,18612,
IT1:29_7_DF_DCIS_POPSTRRES1_1(1.0),IT,JAN,9,Y72,2026,19719,e
IT1:29_7_DF_DCIS_POPSTRRES1_1(1.0),IT,JAN,9,Y73,2019,8710,
IT1:29_7_DF_DCIS_POPSTRRES1_1(1.0),IT,JAN,9,Y73,2020,10411,
IT1:29_7_DF_DCIS_POPSTRRES1_1(1.0),IT,JAN,9,Y73,2021,11121,
IT1:29_7_DF_DCIS_POPSTRRES1_1(1.0),IT,JAN,9,Y73,2022,11671,
IT1:29_7_DF_DCIS_POPSTRRES1_1(1.0),IT,JAN,9,Y73,2023,13703,
IT1:29_7_DF_DCIS_POPSTRRES1_1(1.0),IT,JAN,9,Y73,2024,15560,
IT1:29_7_DF_DCIS_POPSTRRES1_1(1.0),IT,JAN,9,Y73,2025,15932,
IT1:29_7_DF_DCIS_POPSTRRES1_1(1.0),IT,JAN,9,Y73,2026,17947,e
IT1:29_7_DF_DCIS_POPSTRRES1_1(1.0),IT,JAN,9,Y74,2019,8137,
IT1:29_7_DF_DCIS_POPSTRRES1_1(1.0),IT,JAN,9,Y74,2020,8576,
IT1:29_7_DF_DCIS_POPSTRRES1_1(1.0),IT,JAN,9,Y74,2021,9357,
IT1:29_7_DF_DCIS_POPSTRRES1_1(1.0),IT,JAN,9,Y74,2022,9906,
IT1:29_7_DF_DCIS_POPSTRRES1_1(1.0),IT,JAN,9,Y74,2023,11890,
IT1:29_7_DF_DCIS_POPSTRRES1_1(1.0),IT,JAN,9,Y74,2024,13406,
IT1:29_7_DF_DCIS_POPSTRRES1_1(1.0),IT,JAN,9,Y74,2025,15260,
IT1:29_7_DF_DCIS_POPSTRRES1_1(1.0),IT,JAN,9,Y74,2026,15269,e
IT1:29_7_DF_DCIS_POPSTRRES1_1(1.0),IT,JAN,9,Y75,2019,7431,
IT1:29_7_DF_DCIS_POPSTRRES1_1(1.0),IT,JAN,9,Y75,2020,7996,
IT1:29_7_DF_DCIS_POPSTRRES1_1(1.0),IT,JAN,9,Y75,2021,7726,
IT1:29_7_DF_DCIS_POPSTRRES1_1(1.0),IT,JAN,9,Y75,2022,8223,
IT1:29_7_DF_DCIS_POPSTRRES1_1(1.0),IT,JAN,9,Y75,2023,10096,
IT1:29_7_DF_DCIS_POPSTRRES1_1(1.0),IT,JAN,9,Y75,2024,11652,
IT1:29_7_DF_DCIS_POPSTRRES1_1(1.0),IT,JAN,9,Y75,2025,13140,
IT1:29_7_DF_DCIS_POPSTRRES1_1(1.0),IT,JAN,9,Y75,2026,14607,e
IT1:29_7_DF_DCIS_POPSTRRES1_1(1.0),IT,JAN,9,Y76,2019,7497,
IT1:29_7_DF_DCIS_POPSTRRES1_1(1.0),IT,JAN,9,Y76,2020,7322,
IT1:29_7_DF_DCIS_POPSTRRES1_1(1.0),IT,JAN,9,Y76,2021,7152,
IT1:29_7_DF_DCIS_POPSTRRES1_1(1.0),IT,JAN,9,Y76,2022,6773,
IT1:29_7_DF_DCIS_POPSTRRES1_1(1.0),IT,JAN,9,Y76,2023,8396,
IT1:29_7_DF_DCIS_POPSTRRES1_1(1.0),IT,JAN,9,Y76,2024,9861,
IT1:29_7_DF_DCIS_POPSTRRES1_1(1.0),IT,JAN,9,Y76,2025,11528,
IT1:29_7_DF_DCIS_POPSTRRES1_1(1.0),IT,JAN,9,Y76,2026,12589,e
IT1:29_7_DF_DCIS_POPSTRRES1_1(1.0),IT,JAN,9,Y77,2019,5914,
IT1:29_7_DF_DCIS_POPSTRRES1_1(1.0),IT,JAN,9,Y77,2020,7311,
IT1:29_7_DF_DCIS_POPSTRRES1_1(1.0),IT,JAN,9,Y77,2021,6466,
IT1:29_7_DF_DCIS_POPSTRRES1_1(1.0),IT,JAN,9,Y77,2022,6272,
IT1:29_7_DF_DCIS_POPSTRRES1_1(1.0),IT,JAN,9,Y77,2023,6874,
IT1:29_7_DF_DCIS_POPSTRRES1_1(1.0),IT,JAN,9,Y77,2024,8164,
IT1:29_7_DF_DCIS_POPSTRRES1_1(1.0),IT,JAN,9,Y77,2025,9772,
IT1:29_7_DF_DCIS_POPSTRRES1_1(1.0),IT,JAN,9,Y77,2026,11040,e
IT1:29_7_DF_DCIS_POPSTRRES1_1(1.0),IT,JAN,9,Y78,2019,6439,
IT1:29_7_DF_DCIS_POPSTRRES1_1(1.0),IT,JAN,9,Y78,2020,5770,
IT1:29_7_DF_DCIS_POPSTRRES1_1(1.0),IT,JAN,9,Y78,2021,6496,
IT1:29_7_DF_DCIS_POPSTRRES1_1(1.0),IT,JAN,9,Y78,2022,5687,
IT1:29_7_DF_DCIS_POPSTRRES1_1(1.0),IT,JAN,9,Y78,2023,6383,
IT1:29_7_DF_DCIS_POPSTRRES1_1(1.0),IT,JAN,9,Y78,2024,6656,
IT1:29_7_DF_DCIS_POPSTRRES1_1(1.0),IT,JAN,9,Y78,2025,8088,
IT1:29_7_DF_DCIS_POPSTRRES1_1(1.0),IT,JAN,9,Y78,2026,9263,e
IT1:29_7_DF_DCIS_POPSTRRES1_1(1.0),IT,JAN,9,Y79,2019,5069,
IT1:29_7_DF_DCIS_POPSTRRES1_1(1.0),IT,JAN,9,Y79,2020,6264,
IT1:29_7_DF_DCIS_POPSTRRES1_1(1.0),IT,JAN,9,Y79,2021,5032,
IT1:29_7_DF_DCIS_POPSTRRES1_1(1.0),IT,JAN,9,Y79,2022,5628,
IT1:29_7_DF_DCIS_POPSTRRES1_1(1.0),IT,JAN,9,Y79,2023,5813,
IT1:29_7_DF_DCIS_POPSTRRES1_1(1.0),IT,JAN,9,Y79,2024,6173,
IT1:29_7_DF_DCIS_POPSTRRES1_1(1.0),IT,JAN,9,Y79,2025,6549,
IT1:29_7_DF_DCIS_POPSTRRES1_1(1.0),IT,JAN,9,Y79,2026,7665,e
IT1:29_7_DF_DCIS_POPSTRRES1_1(1.0),IT,JAN,9,Y8,2019,59852,
IT1:29_7_DF_DCIS_POPSTRRES1_1(1.0),IT,JAN,9,Y8,2020,60446,
IT1:29_7_DF_DCIS_POPSTRRES1_1(1.0),IT,JAN,9,Y8,2021,62643,
IT1:29_7_DF_DCIS_POPSTRRES1_1(1.0),IT,JAN,9,Y8,2022,62406,
IT1:29_7_DF_DCIS_POPSTRRES1_1(1.0),IT,JAN,9,Y8,2023,62892,
IT1:29_7_DF_DCIS_POPSTRRES1_1(1.0),IT,JAN,9,Y8,2024,61813,
IT1:29_7_DF_DCIS_POPSTRRES1_1(1.0),IT,JAN,9,Y8,2025,61415,
IT1:29_7_DF_DCIS_POPSTRRES1_1(1.0),IT,JAN,9,Y8,2026,62865,e
IT1:29_7_DF_DCIS_POPSTRRES1_1(1.0),IT,JAN,9,Y80,2019,4691,
IT1:29_7_DF_DCIS_POPSTRRES1_1(1.0),IT,JAN,9,Y80,2020,4934,
IT1:29_7_DF_DCIS_POPSTRRES1_1(1.0),IT,JAN,9,Y80,2021,5468,
IT1:29_7_DF_DCIS_POPSTRRES1_1(1.0),IT,JAN,9,Y80,2022,4328,
IT1:29_7_DF_DCIS_POPSTRRES1_1(1.0),IT,JAN,9,Y80,2023,5769,
IT1:29_7_DF_DCIS_POPSTRRES1_1(1.0),IT,JAN,9,Y80,2024,5596,
IT1:29_7_DF_DCIS_POPSTRRES1_1(1.0),IT,JAN,9,Y80,2025,6034,
IT1:29_7_DF_DCIS_POPSTRRES1_1(1.0),IT,JAN,9,Y80,2026,6221,e
IT1:29_7_DF_DCIS_POPSTRRES1_1(1.0),IT,JAN,9,Y81,2019,4051,
IT1:29_7_DF_DCIS_POPSTRRES1_1(1.0),IT,JAN,9,Y81,2020,4565,
IT1:29_7_DF_DCIS_POPSTRRES1_1(1.0),IT,JAN,9,Y81,2021,4216,
IT1:29_7_DF_DCIS_POPSTRRES1_1(1.0),IT,JAN,9,Y81,2022,4682,
IT1:29_7_DF_DCIS_POPSTRRES1_1(1.0),IT,JAN,9,Y81,2023,4367,
IT1:29_7_DF_DCIS_POPSTRRES1_1(1.0),IT,JAN,9,Y81,2024,5467,
IT1:29_7_DF_DCIS_POPSTRRES1_1(1.0),IT,JAN,9,Y81,2025,5406,
IT1:29_7_DF_DCIS_POPSTRRES1_1(1.0),IT,JAN,9,Y81,2026,5746,e
IT1:29_7_DF_DCIS_POPSTRRES1_1(1.0),IT,JAN,9,Y82,2019,3509,
IT1:29_7_DF_DCIS_POPSTRRES1_1(1.0),IT,JAN,9,Y82,2020,3890,
IT1:29_7_DF_DCIS_POPSTRRES1_1(1.0),IT,JAN,9,Y82,2021,3947,
IT1:29_7_DF_DCIS_POPSTRRES1_1(1.0),IT,JAN,9,Y82,2022,3574,
IT1:29_7_DF_DCIS_POPSTRRES1_1(1.0),IT,JAN,9,Y82,2023,4634,
IT1:29_7_DF_DCIS_POPSTRRES1_1(1.0),IT,JAN,9,Y82,2024,4145,
IT1:29_7_DF_DCIS_POPSTRRES1_1(1.0),IT,JAN,9,Y82,2025,5299,
IT1:29_7_DF_DCIS_POPSTRRES1_1(1.0),IT,JAN,9,Y82,2026,5086,e
IT1:29_7_DF_DCIS_POPSTRRES1_1(1.0),IT,JAN,9,Y83,2019,2930,
IT1:29_7_DF_DCIS_POPSTRRES1_1(1.0),IT,JAN,9,Y83,2020,3371,
IT1:29_7_DF_DCIS_POPSTRRES1_1(1.0),IT,JAN,9,Y83,2021,3283,
IT1:29_7_DF_DCIS_POPSTRRES1_1(1.0),IT,JAN,9,Y83,2022,3261,
IT1:29_7_DF_DCIS_POPSTRRES1_1(1.0),IT,JAN,9,Y83,2023,3499,
IT1:29_7_DF_DCIS_POPSTRRES1_1(1.0),IT,JAN,9,Y83,2024,4360,
IT1:29_7_DF_DCIS_POPSTRRES1_1(1.0),IT,JAN,9,Y83,2025,4098,
IT1:29_7_DF_DCIS_POPSTRRES1_1(1.0),IT,JAN,9,Y83,2026,4955,e
IT1:29_7_DF_DCIS_POPSTRRES1_1(1.0),IT,JAN,9,Y84,2019,2432,
IT1:29_7_DF_DCIS_POPSTRRES1_1(1.0),IT,JAN,9,Y84,2020,2767,
IT1:29_7_DF_DCIS_POPSTRRES1_1(1.0),IT,JAN,9,Y84,2021,2819,
IT1:29_7_DF_DCIS_POPSTRRES1_1(1.0),IT,JAN,9,Y84,2022,2736,
IT1:29_7_DF_DCIS_POPSTRRES1_1(1.0),IT,JAN,9,Y84,2023,3205,
IT1:29_7_DF_DCIS_POPSTRRES1_1(1.0),IT,JAN,9,Y84,2024,3322,
IT1:29_7_DF_DCIS_POPSTRRES1_1(1.0),IT,JAN,9,Y84,2025,4230,
IT1:29_7_DF_DCIS_POPSTRRES1_1(1.0),IT,JAN,9,Y84,2026,3800,e
IT1:29_7_DF_DCIS_POPSTRRES1_1(1.0),IT,JAN,9,Y85,2019,1948,
IT1:29_7_DF_DCIS_POPSTRRES1_1(1.0),IT,JAN,9,Y85,2020,2318,
IT1:29_7_DF_DCIS_POPSTRRES1_1(1.0),IT,JAN,9,Y85,2021,2312,
IT1:29_7_DF_DCIS_POPSTRRES1_1(1.0),IT,JAN,9,Y85,2022,2296,
IT1:29_7_DF_DCIS_POPSTRRES1_1(1.0),IT,JAN,9,Y85,2023,2671,
IT1:29_7_DF_DCIS_POPSTRRES1_1(1.0),IT,JAN,9,Y85,2024,3015,
IT1:29_7_DF_DCIS_POPSTRRES1_1(1.0),IT,JAN,9,Y85,2025,3204,
IT1:29_7_DF_DCIS_POPSTRRES1_1(1.0),IT,JAN,9,Y85,2026,3911,e
IT1:29_7_DF_DCIS_POPSTRRES1_1(1.0),IT,JAN,9,Y86,2019,1787,
IT1:29_7_DF_DCIS_POPSTRRES1_1(1.0),IT,JAN,9,Y86,2020,1876,
IT1:29_7_DF_DCIS_POPSTRRES1_1(1.0),IT,JAN,9,Y86,2021,1873,
IT1:29_7_DF_DCIS_POPSTRRES1_1(1.0),IT,JAN,9,Y86,2022,1878,
IT1:29_7_DF_DCIS_POPSTRRES1_1(1.0),IT,JAN,9,Y86,2023,2204,
IT1:29_7_DF_DCIS_POPSTRRES1_1(1.0),IT,JAN,9,Y86,2024,2485,
IT1:29_7_DF_DCIS_POPSTRRES1_1(1.0),IT,JAN,9,Y86,2025,2867,
IT1:29_7_DF_DCIS_POPSTRRES1_1(1.0),IT,JAN,9,Y86,2026,2972,e
IT1:29_7_DF_DCIS_POPSTRRES1_1(1.0),IT,JAN,9,Y87,2019,1239,
IT1:29_7_DF_DCIS_POPSTRRES1_1(1.0),IT,JAN,9,Y87,2020,1667,
IT1:29_7_DF_DCIS_POPSTRRES1_1(1.0),IT,JAN,9,Y87,2021,1487,
IT1:29_7_DF_DCIS_POPSTRRES1_1(1.0),IT,JAN,9,Y87,2022,1520,
IT1:29_7_DF_DCIS_POPSTRRES1_1(1.0),IT,JAN,9,Y87,2023,1781,
IT1:29_7_DF_DCIS_POPSTRRES1_1(1.0),IT,JAN,9,Y87,2024,2010,
IT1:29_7_DF_DCIS_POPSTRRES1_1(1.0),IT,JAN,9,Y87,2025,2322,
IT1:29_7_DF_DCIS_POPSTRRES1_1(1.0),IT,JAN,9,Y87,2026,2595,e
IT1:29_7_DF_DCIS_POPSTRRES1_1(1.0),IT,JAN,9,Y88,2019,1398,
IT1:29_7_DF_DCIS_POPSTRRES1_1(1.0),IT,JAN,9,Y88,2020,1125,
IT1:29_7_DF_DCIS_POPSTRRES1_1(1.0),IT,JAN,9,Y88,2021,1316,
IT1:29_7_DF_DCIS_POPSTRRES1_1(1.0),IT,JAN,9,Y88,2022,1206,
IT1:29_7_DF_DCIS_POPSTRRES1_1(1.0),IT,JAN,9,Y88,2023,1420,
IT1:29_7_DF_DCIS_POPSTRRES1_1(1.0),IT,JAN,9,Y88,2024,1636,
IT1:29_7_DF_DCIS_POPSTRRES1_1(1.0),IT,JAN,9,Y88,2025,1871,
IT1:29_7_DF_DCIS_POPSTRRES1_1(1.0),IT,JAN,9,Y88,2026,2103,e
IT1:29_7_DF_DCIS_POPSTRRES1_1(1.0),IT,JAN,9,Y89,2019,878,
IT1:29_7_DF_DCIS_POPSTRRES1_1(1.0),IT,JAN,9,Y89,2020,1254,
IT1:29_7_DF_DCIS_POPSTRRES1_1(1.0),IT,JAN,9,Y89,2021,837,
IT1:29_7_DF_DCIS_POPSTRRES1_1(1.0),IT,JAN,9,Y89,2022,1062,
IT1:29_7_DF_DCIS_POPSTRRES1_1(1.0),IT,JAN,9,Y89,2023,1124,
IT1:29_7_DF_DCIS_POPSTRRES1_1(1.0),IT,JAN,9,Y89,2024,1275,
IT1:29_7_DF_DCIS_POPSTRRES1_1(1.0),IT,JAN,9,Y89,2025,1491,
IT1:29_7_DF_DCIS_POPSTRRES1_1(1.0),IT,JAN,9,Y89,2026,1692,e
IT1:29_7_DF_DCIS_POPSTRRES1_1(1.0),IT,JAN,9,Y9,2019,59053,
IT1:29_7_DF_DCIS_POPSTRRES1_1(1.0),IT,JAN,9,Y9,2020,59017,
IT1:29_7_DF_DCIS_POPSTRRES1_1(1.0),IT,JAN,9,Y9,2021,59045,
IT1:29_7_DF_DCIS_POPSTRRES1_1(1.0),IT,JAN,9,Y9,2022,62569,
IT1:29_7_DF_DCIS_POPSTRRES1_1(1.0),IT,JAN,9,Y9,2023,60724,
IT1:29_7_DF_DCIS_POPSTRRES1_1(1.0),IT,JAN,9,Y9,2024,61800,
IT1:29_7_DF_DCIS_POPSTRRES1_1(1.0),IT,JAN,9,Y9,2025,60394,
IT1:29_7_DF_DCIS_POPSTRRES1_1(1.0),IT,JAN,9,Y9,2026,62371,e
IT1:29_7_DF_DCIS_POPSTRRES1_1(1.0),IT,JAN,9,Y90,2019,759,
IT1:29_7_DF_DCIS_POPSTRRES1_1(1.0),IT,JAN,9,Y90,2020,801,
IT1:29_7_DF_DCIS_POPSTRRES1_1(1.0),IT,JAN,9,Y90,2021,966,
IT1:29_7_DF_DCIS_POPSTRRES1_1(1.0),IT,JAN,9,Y90,2022,662,
IT1:29_7_DF_DCIS_POPSTRRES1_1(1.0),IT,JAN,9,Y90,2023,993,
IT1:29_7_DF_DCIS_POPSTRRES1_1(1.0),IT,JAN,9,Y90,2024,1012,
IT1:29_7_DF_DCIS_POPSTRRES1_1(1.0),IT,JAN,9,Y90,2025,1152,
IT1:29_7_DF_DCIS_POPSTRRES1_1(1.0),IT,JAN,9,Y90,2026,1320,e
IT1:29_7_DF_DCIS_POPSTRRES1_1(1.0),IT,JAN,9,Y91,2019,630,
IT1:29_7_DF_DCIS_POPSTRRES1_1(1.0),IT,JAN,9,Y91,2020,676,
IT1:29_7_DF_DCIS_POPSTRRES1_1(1.0),IT,JAN,9,Y91,2021,575,
IT1:29_7_DF_DCIS_POPSTRRES1_1(1.0),IT,JAN,9,Y91,2022,743,
IT1:29_7_DF_DCIS_POPSTRRES1_1(1.0),IT,JAN,9,Y91,2023,604,
IT1:29_7_DF_DCIS_POPSTRRES1_1(1.0),IT,JAN,9,Y91,2024,841,
IT1:29_7_DF_DCIS_POPSTRRES1_1(1.0),IT,JAN,9,Y91,2025,914,
IT1:29_7_DF_DCIS_POPSTRRES1_1(1.0),IT,JAN,9,Y91,2026,1021,e
IT1:29_7_DF_DCIS_POPSTRRES1_1(1.0),IT,JAN,9,Y92,2019,475,
IT1:29_7_DF_DCIS_POPSTRRES1_1(1.0),IT,JAN,9,Y92,2020,566,
IT1:29_7_DF_DCIS_POPSTRRES1_1(1.0),IT,JAN,9,Y92,2021,485,
IT1:29_7_DF_DCIS_POPSTRRES1_1(1.0),IT,JAN,9,Y92,2022,460,
IT1:29_7_DF_DCIS_POPSTRRES1_1(1.0),IT,JAN,9,Y92,2023,680,
IT1:29_7_DF_DCIS_POPSTRRES1_1(1.0),IT,JAN,9,Y92,2024,520,
IT1:29_7_DF_DCIS_POPSTRRES1_1(1.0),IT,JAN,9,Y92,2025,764,
IT1:29_7_DF_DCIS_POPSTRRES1_1(1.0),IT,JAN,9,Y92,2026,796,e
IT1:29_7_DF_DCIS_POPSTRRES1_1(1.0),IT,JAN,9,Y93,2019,422,
IT1:29_7_DF_DCIS_POPSTRRES1_1(1.0),IT,JAN,9,Y93,2020,423,
IT1:29_7_DF_DCIS_POPSTRRES1_1(1.0),IT,JAN,9,Y93,2021,413,
IT1:29_7_DF_DCIS_POPSTRRES1_1(1.0),IT,JAN,9,Y93,2022,346,
IT1:29_7_DF_DCIS_POPSTRRES1_1(1.0),IT,JAN,9,Y93,2023,410,
IT1:29_7_DF_DCIS_POPSTRRES1_1(1.0),IT,JAN,9,Y93,2024,536,
IT1:29_7_DF_DCIS_POPSTRRES1_1(1.0),IT,JAN,9,Y93,2025,453,
IT1:29_7_DF_DCIS_POPSTRRES1_1(1.0),IT,JAN,9,Y93,2026,646,e
IT1:29_7_DF_DCIS_POPSTRRES1_1(1.0),IT,JAN,9,Y94,2019,284,
IT1:29_7_DF_DCIS_POPSTRRES1_1(1.0),IT,JAN,9,Y94,2020,351,
IT1:29_7_DF_DCIS_POPSTRRES1_1(1.0),IT,JAN,9,Y94,2021,280,
IT1:29_7_DF_DCIS_POPSTRRES1_1(1.0),IT,JAN,9,Y94,2022,316,
IT1:29_7_DF_DCIS_POPSTRRES1_1(1.0),IT,JAN,9,Y94,2023,297,
IT1:29_7_DF_DCIS_POPSTRRES1_1(1.0),IT,JAN,9,Y94,2024,349,
IT1:29_7_DF_DCIS_POPSTRRES1_1(1.0),IT,JAN,9,Y94,2025,455,
IT1:29_7_DF_DCIS_POPSTRRES1_1(1.0),IT,JAN,9,Y94,2026,370,e
IT1:29_7_DF_DCIS_POPSTRRES1_1(1.0),IT,JAN,9,Y95,2019,260,
IT1:29_7_DF_DCIS_POPSTRRES1_1(1.0),IT,JAN,9,Y95,2020,240,
IT1:29_7_DF_DCIS_POPSTRRES1_1(1.0),IT,JAN,9,Y95,2021,230,
IT1:29_7_DF_DCIS_POPSTRRES1_1(1.0),IT,JAN,9,Y95,2022,225,
IT1:29_7_DF_DCIS_POPSTRRES1_1(1.0),IT,JAN,9,Y95,2023,267,
IT1:29_7_DF_DCIS_POPSTRRES1_1(1.0),IT,JAN,9,Y95,2024,235,
IT1:29_7_DF_DCIS_POPSTRRES1_1(1.0),IT,JAN,9,Y95,2025,302,
IT1:29_7_DF_DCIS_POPSTRRES1_1(1.0),IT,JAN,9,Y95,2026,382,e
IT1:29_7_DF_DCIS_POPSTRRES1_1(1.0),IT,JAN,9,Y96,2019,181,
IT1:29_7_DF_DCIS_POPSTRRES1_1(1.0),IT,JAN,9,Y96,2020,221,
IT1:29_7_DF_DCIS_POPSTRRES1_1(1.0),IT,JAN,9,Y96,2021,159,
IT1:29_7_DF_DCIS_POPSTRRES1_1(1.0),IT,JAN,9,Y96,2022,160,
IT1:29_7_DF_DCIS_POPSTRRES1_1(1.0),IT,JAN,9,Y96,2023,192,
IT1:29_7_DF_DCIS_POPSTRRES1_1(1.0),IT,JAN,9,Y96,2024,201,
IT1:29_7_DF_DCIS_POPSTRRES1_1(1.0),IT,JAN,9,Y96,2025,192,
IT1:29_7_DF_DCIS_POPSTRRES1_1(1.0),IT,JAN,9,Y96,2026,237,e
IT1:29_7_DF_DCIS_POPSTRRES1_1(1.0),IT,JAN,9,Y97,2019,125,
IT1:29_7_DF_DCIS_POPSTRRES1_1(1.0),IT,JAN,9,Y97,2020,145,
IT1:29_7_DF_DCIS_POPSTRRES1_1(1.0),IT,JAN,9,Y97,2021,137,
IT1:29_7_DF_DCIS_POPSTRRES1_1(1.0),IT,JAN,9,Y97,2022,121,
IT1:29_7_DF_DCIS_POPSTRRES1_1(1.0),IT,JAN,9,Y97,2023,132,
IT1:29_7_DF_DCIS_POPSTRRES1_1(1.0),IT,JAN,9,Y97,2024,156,
IT1:29_7_DF_DCIS_POPSTRRES1_1(1.0),IT,JAN,9,Y97,2025,166,
IT1:29_7_DF_DCIS_POPSTRRES1_1(1.0),IT,JAN,9,Y97,2026,140,e
IT1:29_7_DF_DCIS_POPSTRRES1_1(1.0),IT,JAN,9,Y98,2019,128,
IT1:29_7_DF_DCIS_POPSTRRES1_1(1.0),IT,JAN,9,Y98,2020,100,
IT1:29_7_DF_DCIS_POPSTRRES1_1(1.0),IT,JAN,9,Y98,2021,113,
IT1:29_7_DF_DCIS_POPSTRRES1_1(1.0),IT,JAN,9,Y98,2022,154,
IT1:29_7_DF_DCIS_POPSTRRES1_1(1.0),IT,JAN,9,Y98,2023,100,
IT1:29_7_DF_DCIS_POPSTRRES1_1(1.0),IT,JAN,9,Y98,2024,188,
IT1:29_7_DF_DCIS_POPSTRRES1_1(1.0),IT,JAN,9,Y98,2025,194,
IT1:29_7_DF_DCIS_POPSTRRES1_1(1.0),IT,JAN,9,Y98,2026,127,e
IT1:29_7_DF_DCIS_POPSTRRES1_1(1.0),IT,JAN,9,Y99,2019,64,
IT1:29_7_DF_DCIS_POPSTRRES1_1(1.0),IT,JAN,9,Y99,2020,99,
IT1:29_7_DF_DCIS_POPSTRRES1_1(1.0),IT,JAN,9,Y99,2021,81,
IT1:29_7_DF_DCIS_POPSTRRES1_1(1.0),IT,JAN,9,Y99,2022,96,
IT1:29_7_DF_DCIS_POPSTRRES1_1(1.0),IT,JAN,9,Y99,2023,126,
IT1:29_7_DF_DCIS_POPSTRRES1_1(1.0),IT,JAN,9,Y99,2024,113,
IT1:29_7_DF_DCIS_POPSTRRES1_1(1.0),IT,JAN,9,Y99,2025,163,
IT1:29_7_DF_DCIS_POPSTRRES1_1(1.0),IT,JAN,9,Y99,2026,149,e
IT1:29_7_DF_DCIS_POPSTRRES1_1(1.0),IT,JAN,9,Y_GE100,2019,120,
IT1:29_7_DF_DCIS_POPSTRRES1_1(1.0),IT,JAN,9,Y_GE100,2020,138,
IT1:29_7_DF_DCIS_POPSTRRES1_1(1.0),IT,JAN,9,Y_GE100,2021,175,
IT1:29_7_DF_DCIS_POPSTRRES1_1(1.0),IT,JAN,9,Y_GE100,2022,194,
IT1:29_7_DF_DCIS_POPSTRRES1_1(1.0),IT,JAN,9,Y_GE100,2023,253,
IT1:29_7_DF_DCIS_POPSTRRES1_1(1.0),IT,JAN,9,Y_GE100,2024,279,
IT1:29_7_DF_DCIS_POPSTRRES1_1(1.0),IT,JAN,9,Y_GE100,2025,425,
IT1:29_7_DF_DCIS_POPSTRRES1_1(1.0),IT,JAN,9,Y_GE100,2026,434,e
IT1:29_7_DF_DCIS_POPSTRRES1_1(1.0),ITC4,JAN,9,TOTAL,2019,1130587,
IT1:29_7_DF_DCIS_POPSTRRES1_1(1.0),ITC4,JAN,9,TOTAL,2020,1149065,
IT1:29_7_DF_DCIS_POPSTRRES1_1(1.0),ITC4,JAN,9,TOTAL,2021,1190889,
IT1:29_7_DF_DCIS_POPSTRRES1_1(1.0),ITC4,JAN,9,TOTAL,2022,1155393,
IT1:29_7_DF_DCIS_POPSTRRES1_1(1.0),ITC4,JAN,9,TOTAL,2023,1176169,
IT1:29_7_DF_DCIS_POPSTRRES1_1(1.0),ITC4,JAN,9,TOTAL,2024,1203138,
IT1:29_7_DF_DCIS_POPSTRRES1_1(1.0),ITC4,JAN,9,TOTAL,2025,1221520,
IT1:29_7_DF_DCIS_POPSTRRES1_1(1.0),ITC4,JAN,9,TOTAL,2026,1257557,e
IT1:29_7_DF_DCIS_POPSTRRES1_1(1.0),ITC4,JAN,9,Y0,2019,15638,
IT1:29_7_DF_DCIS_POPSTRRES1_1(1.0),ITC4,JAN,9,Y0,2020,15467,
IT1:29_7_DF_DCIS_POPSTRRES1_1(1.0),ITC4,JAN,9,Y0,2021,15260,
IT1:29_7_DF_DCIS_POPSTRRES1_1(1.0),ITC4,JAN,9,Y0,2022,13404,
IT1:29_7_DF_DCIS_POPSTRRES1_1(1.0),ITC4,JAN,9,Y0,2023,13211,
IT1:29_7_DF_DCIS_POPSTRRES1_1(1.0),ITC4,JAN,9,Y0,2024,12602,
IT1:29_7_DF_DCIS_POPSTRRES1_1(1.0),ITC4,JAN,9,Y0,2025,12031,
IT1:29_7_DF_DCIS_POPSTRRES1_1(1.0),ITC4,JAN,9,Y0,2026,12210,e
IT1:29_7_DF_DCIS_POPSTRRES1_1(1.0),ITC4,JAN,9,Y1,2019,16421,
IT1:29_7_DF_DCIS_POPSTRRES1_1(1.0),ITC4,JAN,9,Y1,2020,15418,
IT1:29_7_DF_DCIS_POPSTRRES1_1(1.0),ITC4,JAN,9,Y1,2021,15454,
IT1:29_7_DF_DCIS_POPSTRRES1_1(1.0),ITC4,JAN,9,Y1,2022,14645,
IT1:29_7_DF_DCIS_POPSTRRES1_1(1.0),ITC4,JAN,9,Y1,2023,13080,
IT1:29_7_DF_DCIS_POPSTRRES1_1(1.0),ITC4,JAN,9,Y1,2024,12903,
IT1:29_7_DF_DCIS_POPSTRRES1_1(1.0),ITC4,JAN,9,Y1,2025,12100,
IT1:29_7_DF_DCIS_POPSTRRES1_1(1.0),ITC4,JAN,9,Y1,2026,12102,e
IT1:29_7_DF_DCIS_POPSTRRES1_1(1.0),ITC4,JAN,9,Y10,2019,14320,
IT1:29_7_DF_DCIS_POPSTRRES1_1(1.0),ITC4,JAN,9,Y10,2020,15185,
IT1:29_7_DF_DCIS_POPSTRRES1_1(1.0),ITC4,JAN,9,Y10,2021,15133,
IT1:29_7_DF_DCIS_POPSTRRES1_1(1.0),ITC4,JAN,9,Y10,2022,15069,
IT1:29_7_DF_DCIS_POPSTRRES1_1(1.0),ITC4,JAN,9,Y10,2023,15300,
IT1:29_7_DF_DCIS_POPSTRRES1_1(1.0),ITC4,JAN,9,Y10,2024,15258,
IT1:29_7_DF_DCIS_POPSTRRES1_1(1.0),ITC4,JAN,9,Y10,2025,15427,
IT1:29_7_DF_DCIS_POPSTRRES1_1(1.0),ITC4,JAN,9,Y10,2026,15353,e
IT1:29_7_DF_DCIS_POPSTRRES1_1(1.0),ITC4,JAN,9,Y11,2019,13435,
IT1:29_7_DF_DCIS_POPSTRRES1_1(1.0),ITC4,JAN,9,Y11,2020,14078,
IT1:29_7_DF_DCIS_POPSTRRES1_1(1.0),ITC4,JAN,9,Y11,2021,15109,
IT1:29_7_DF_DCIS_POPSTRRES1_1(1.0),ITC4,JAN,9,Y11,2022,14800,
IT1:29_7_DF_DCIS_POPSTRRES1_1(1.0),ITC4,JAN,9,Y11,2023,14345,
IT1:29_7_DF_DCIS_POPSTRRES1_1(1.0),ITC4,JAN,9,Y11,2024,15042,
IT1:29_7_DF_DCIS_POPSTRRES1_1(1.0),ITC4,JAN,9,Y11,2025,14747,
IT1:29_7_DF_DCIS_POPSTRRES1_1(1.0),ITC4,JAN,9,Y11,2026,15375,e
IT1:29_7_DF_DCIS_POPSTRRES1_1(1.0),ITC4,JAN,9,Y12,2019,13142,
IT1:29_7_DF_DCIS_POPSTRRES1_1(1.0),ITC4,JAN,9,Y12,2020,13294,
IT1:29_7_DF_DCIS_POPSTRRES1_1(1.0),ITC4,JAN,9,Y12,2021,14229,
IT1:29_7_DF_DCIS_POPSTRRES1_1(1.0),ITC4,JAN,9,Y12,2022,14693,
IT1:29_7_DF_DCIS_POPSTRRES1_1(1.0),ITC4,JAN,9,Y12,2023,14116,
IT1:29_7_DF_DCIS_POPSTRRES1_1(1.0),ITC4,JAN,9,Y12,2024,14114,
IT1:29_7_DF_DCIS_POPSTRRES1_1(1.0),ITC4,JAN,9,Y12,2025,14614,
IT1:29_7_DF_DCIS_POPSTRRES1_1(1.0),ITC4,JAN,9,Y12,2026,14804,e
IT1:29_7_DF_DCIS_POPSTRRES1_1(1.0),ITC4,JAN,9,Y13,2019,11787,
IT1:29_7_DF_DCIS_POPSTRRES1_1(1.0),ITC4,JAN,9,Y13,2020,13067,
IT1:29_7_DF_DCIS_POPSTRRES1_1(1.0),ITC4,JAN,9,Y13,2021,13435,
IT1:29_7_DF_DCIS_POPSTRRES1_1(1.0),ITC4,JAN,9,Y13,2022,13952,
IT1:29_7_DF_DCIS_POPSTRRES1_1(1.0),ITC4,JAN,9,Y13,2023,14142,
IT1:29_7_DF_DCIS_POPSTRRES1_1(1.0),ITC4,JAN,9,Y13,2024,13874,
IT1:29_7_DF_DCIS_POPSTRRES1_1(1.0),ITC4,JAN,9,Y13,2025,13785,
IT1:29_7_DF_DCIS_POPSTRRES1_1(1.0),ITC4,JAN,9,Y13,2026,14733,e
IT1:29_7_DF_DCIS_POPSTRRES1_1(1.0),ITC4,JAN,9,Y14,2019,11493,
IT1:29_7_DF_DCIS_POPSTRRES1_1(1.0),ITC4,JAN,9,Y14,2020,11791,
IT1:29_7_DF_DCIS_POPSTRRES1_1(1.0),ITC4,JAN,9,Y14,2021,13292,
IT1:29_7_DF_DCIS_POPSTRRES1_1(1.0),ITC4,JAN,9,Y14,2022,13218,
IT1:29_7_DF_DCIS_POPSTRRES1_1(1.0),ITC4,JAN,9,Y14,2023,13499,
IT1:29_7_DF_DCIS_POPSTRRES1_1(1.0),ITC4,JAN,9,Y14,2024,14004,
IT1:29_7_DF_DCIS_POPSTRRES1_1(1.0),ITC4,JAN,9,Y14,2025,13652,
IT1:29_7_DF_DCIS_POPSTRRES1_1(1.0),ITC4,JAN,9,Y14,2026,13882,e
IT1:29_7_DF_DCIS_POPSTRRES1_1(1.0),ITC4,JAN,9,Y15,2019,10205,
IT1:29_7_DF_DCIS_POPSTRRES1_1(1.0),ITC4,JAN,9,Y15,2020,11605,
IT1:29_7_DF_DCIS_POPSTRRES1_1(1.0),ITC4,JAN,9,Y15,2021,12028,
IT1:29_7_DF_DCIS_POPSTRRES1_1(1.0),ITC4,JAN,9,Y15,2022,13078,
IT1:29_7_DF_DCIS_POPSTRRES1_1(1.0),ITC4,JAN,9,Y15,2023,12787,
IT1:29_7_DF_DCIS_POPSTRRES1_1(1.0),ITC4,JAN,9,Y15,2024,13412,
IT1:29_7_DF_DCIS_POPSTRRES1_1(1.0),ITC4,JAN,9,Y15,2025,13939,
IT1:29_7_DF_DCIS_POPSTRRES1_1(1.0),ITC4,JAN,9,Y15,2026,13789,e
IT1:29_7_DF_DCIS_POPSTRRES1_1(1.0),ITC4,JAN,9,Y16,2019,10113,
IT1:29_7_DF_DCIS_POPSTRRES1_1(1.0),ITC4,JAN,9,Y16,2020,10344,
IT1:29_7_DF_DCIS_POPSTRRES1_1(1.0),ITC4,JAN,9,Y16,2021,11794,
IT1:29_7_DF_DCIS_POPSTRRES1_1(1.0),ITC4,JAN,9,Y16,2022,11911,
IT1:29_7_DF_DCIS_POPSTRRES1_1(1.0),ITC4,JAN,9,Y16,2023,12745,
IT1:29_7_DF_DCIS_POPSTRRES1_1(1.0),ITC4,JAN,9,Y16,2024,12728,
IT1:29_7_DF_DCIS_POPSTRRES1_1(1.0),ITC4,JAN,9,Y16,2025,13458,
IT1:29_7_DF_DCIS_POPSTRRES1_1(1.0),ITC4,JAN,9,Y16,2026,14190,e
IT1:29_7_DF_DCIS_POPSTRRES1_1(1.0),ITC4,JAN,9,Y17,2019,10338,
IT1:29_7_DF_DCIS_POPSTRRES1_1(1.0),ITC4,JAN,9,Y17,2020,10309,
IT1:29_7_DF_DCIS_POPSTRRES1_1(1.0),ITC4,JAN,9,Y17,2021,10547,
IT1:29_7_DF_DCIS_POPSTRRES1_1(1.0),ITC4,JAN,9,Y17,2022,11774,
IT1:29_7_DF_DCIS_POPSTRRES1_1(1.0),ITC4,JAN,9,Y17,2023,11807,
IT1:29_7_DF_DCIS_POPSTRRES1_1(1.0),ITC4,JAN,9,Y17,2024,12819,
IT1:29_7_DF_DCIS_POPSTRRES1_1(1.0),ITC4,JAN,9,Y17,2025,12911,
IT1:29_7_DF_DCIS_POPSTRRES1_1(1.0),ITC4,JAN,9,Y17,2026,13982,e
IT1:29_7_DF_DCIS_POPSTRRES1_1(1.0),ITC4,JAN,9,Y18,2019,9839,
IT1:29_7_DF_DCIS_POPSTRRES1_1(1.0),ITC4,JAN,9,Y18,2020,9410,
IT1:29_7_DF_DCIS_POPSTRRES1_1(1.0),ITC4,JAN,9,Y18,2021,9531,
IT1:29_7_DF_DCIS_POPSTRRES1_1(1.0),ITC4,JAN,9,Y18,2022,8953,
IT1:29_7_DF_DCIS_POPSTRRES1_1(1.0),ITC4,JAN,9,Y18,2023,10733,
IT1:29_7_DF_DCIS_POPSTRRES1_1(1.0),ITC4,JAN,9,Y18,2024,10339,
IT1:29_7_DF_DCIS_POPSTRRES1_1(1.0),ITC4,JAN,9,Y18,2025,11138,
IT1:29_7_DF_DCIS_POPSTRRES1_1(1.0),ITC4,JAN,9,Y18,2026,13574,e
IT1:29_7_DF_DCIS_POPSTRRES1_1(1.0),ITC4,JAN,9,Y19,2019,10739,
IT1:29_7_DF_DCIS_POPSTRRES1_1(1.0),ITC4,JAN,9,Y19,2020,10049,
IT1:29_7_DF_DCIS_POPSTRRES1_1(1.0),ITC4,JAN,9,Y19,2021,9916,
IT1:29_7_DF_DCIS_POPSTRRES1_1(1.0),ITC4,JAN,9,Y19,2022,8665,
IT1:29_7_DF_DCIS_POPSTRRES1_1(1.0),ITC4,JAN,9,Y19,2023,9039,
IT1:29_7_DF_DCIS_POPSTRRES1_1(1.0),ITC4,JAN,9,Y19,2024,10677,
IT1:29_7_DF_DCIS_POPSTRRES1_1(1.0),ITC4,JAN,9,Y19,2025,10432,
IT1:29_7_DF_DCIS_POPSTRRES1_1(1.0),ITC4,JAN,9,Y19,2026,12129,e
IT1:29_7_DF_DCIS_POPSTRRES1_1(1.0),ITC4,JAN,9,Y2,2019,16548,
IT1:29_7_DF_DCIS_POPSTRRES1_1(1.0),ITC4,JAN,9,Y2,2020,16305,
IT1:29_7_DF_DCIS_POPSTRRES1_1(1.0),ITC4,JAN,9,Y2,2021,15884,
IT1:29_7_DF_DCIS_POPSTRRES1_1(1.0),ITC4,JAN,9,Y2,2022,15523,
IT1:29_7_DF_DCIS_POPSTRRES1_1(1.0),ITC4,JAN,9,Y2,2023,14491,
IT1:29_7_DF_DCIS_POPSTRRES1_1(1.0),ITC4,JAN,9,Y2,2024,12987,
IT1:29_7_DF_DCIS_POPSTRRES1_1(1.0),ITC4,JAN,9,Y2,2025,12702,
IT1:29_7_DF_DCIS_POPSTRRES1_1(1.0),ITC4,JAN,9,Y2,2026,12218,e
IT1:29_7_DF_DCIS_POPSTRRES1_1(1.0),ITC4,JAN,9,Y20,2019,13099,
IT1:29_7_DF_DCIS_POPSTRRES1_1(1.0),ITC4,JAN,9,Y20,2020,11724,
IT1:29_7_DF_DCIS_POPSTRRES1_1(1.0),ITC4,JAN,9,Y20,2021,11771,
IT1:29_7_DF_DCIS_POPSTRRES1_1(1.0),ITC4,JAN,9,Y20,2022,9898,
IT1:29_7_DF_DCIS_POPSTRRES1_1(1.0),ITC4,JAN,9,Y20,2023,9960,
IT1:29_7_DF_DCIS_POPSTRRES1_1(1.0),ITC4,JAN,9,Y20,2024,10656,
IT1:29_7_DF_DCIS_POPSTRRES1_1(1.0),ITC4,JAN,9,Y20,2025,12351,
IT1:29_7_DF_DCIS_POPSTRRES1_1(1.0),ITC4,JAN,9,Y20,2026,11705,e
IT1:29_7_DF_DCIS_POPSTRRES1_1(1.0),ITC4,JAN,9,Y21,2019,13623,
IT1:29_7_DF_DCIS_POPSTRRES1_1(1.0),ITC4,JAN,9,Y21,2020,13713,
IT1:29_7_DF_DCIS_POPSTRRES1_1(1.0),ITC4,JAN,9,Y21,2021,13949,
IT1:29_7_DF_DCIS_POPSTRRES1_1(1.0),ITC4,JAN,9,Y21,2022,11461,
IT1:29_7_DF_DCIS_POPSTRRES1_1(1.0),ITC4,JAN,9,Y21,2023,11180,
IT1:29_7_DF_DCIS_POPSTRRES1_1(1.0),ITC4,JAN,9,Y21,2024,11581,
IT1:29_7_DF_DCIS_POPSTRRES1_1(1.0),ITC4,JAN,9,Y21,2025,12191,
IT1:29_7_DF_DCIS_POPSTRRES1_1(1.0),ITC4,JAN,9,Y21,2026,13809,e
IT1:29_7_DF_DCIS_POPSTRRES1_1(1.0),ITC4,JAN,9,Y22,2019,14008,
IT1:29_7_DF_DCIS_POPSTRRES1_1(1.0),ITC4,JAN,9,Y22,2020,14052,
IT1:29_7_DF_DCIS_POPSTRRES1_1(1.0),ITC4,JAN,9,Y22,2021,16221,
IT1:29_7_DF_DCIS_POPSTRRES1_1(1.0),ITC4,JAN,9,Y22,2022,13021,
IT1:29_7_DF_DCIS_POPSTRRES1_1(1.0),ITC4,JAN,9,Y22,2023,12616,
IT1:29_7_DF_DCIS_POPSTRRES1_1(1.0),ITC4,JAN,9,Y22,2024,12636,
IT1:29_7_DF_DCIS_POPSTRRES1_1(1.0),ITC4,JAN,9,Y22,2025,13019,
IT1:29_7_DF_DCIS_POPSTRRES1_1(1.0),ITC4,JAN,9,Y22,2026,13911,e
IT1:29_7_DF_DCIS_POPSTRRES1_1(1.0),ITC4,JAN,9,Y23,2019,14470,
IT1:29_7_DF_DCIS_POPSTRRES1_1(1.0),ITC4,JAN,9,Y23,2020,14555,
IT1:29_7_DF_DCIS_POPSTRRES1_1(1.0),ITC4,JAN,9,Y23,2021,16569,
IT1:29_7_DF_DCIS_POPSTRRES1_1(1.0),ITC4,JAN,9,Y23,2022,14755,
IT1:29_7_DF_DCIS_POPSTRRES1_1(1.0),ITC4,JAN,9,Y23,2023,14110,
IT1:29_7_DF_DCIS_POPSTRRES1_1(1.0),ITC4,JAN,9,Y23,2024,14276,
IT1:29_7_DF_DCIS_POPSTRRES1_1(1.0),ITC4,JAN,9,Y23,2025,14057,
IT1:29_7_DF_DCIS_POPSTRRES1_1(1.0),ITC4,JAN,9,Y23,2026,14885,e
IT1:29_7_DF_DCIS_POPSTRRES1_1(1.0),ITC4,JAN,9,Y24,2019,15368,
IT1:29_7_DF_DCIS_POPSTRRES1_1(1.0),ITC4,JAN,9,Y24,2020,15185,
IT1:29_7_DF_DCIS_POPSTRRES1_1(1.0),ITC4,JAN,9,Y24,2021,17164,
IT1:29_7_DF_DCIS_POPSTRRES1_1(1.0),ITC4,JAN,9,Y24,2022,15255,
IT1:29_7_DF_DCIS_POPSTRRES1_1(1.0),ITC4,JAN,9,Y24,2023,15985,
IT1:29_7_DF_DCIS_POPSTRRES1_1(1.0),ITC4,JAN,9,Y24,2024,15809,
IT1:29_7_DF_DCIS_POPSTRRES1_1(1.0),ITC4,JAN,9,Y24,2025,16043,
IT1:29_7_DF_DCIS_POPSTRRES1_1(1.0),ITC4,JAN,9,Y24,2026,16012,e
IT1:29_7_DF_DCIS_POPSTRRES1_1(1.0),ITC4,JAN,9,Y25,2019,15947,
IT1:29_7_DF_DCIS_POPSTRRES1_1(1.0),ITC4,JAN,9,Y25,2020,16273,
IT1:29_7_DF_DCIS_POPSTRRES1_1(1.0),ITC4,JAN,9,Y25,2021,17919,
IT1:29_7_DF_DCIS_POPSTRRES1_1(1.0),ITC4,JAN,9,Y25,2022,16079,
IT1:29_7_DF_DCIS_POPSTRRES1_1(1.0),ITC4,JAN,9,Y25,2023,16605,
IT1:29_7_DF_DCIS_POPSTRRES1_1(1.0),ITC4,JAN,9,Y25,2024,17863,
IT1:29_7_DF_DCIS_POPSTRRES1_1(1.0),ITC4,JAN,9,Y25,2025,17704,
IT1:29_7_DF_DCIS_POPSTRRES1_1(1.0),ITC4,JAN,9,Y25,2026,18153,e
IT1:29_7_DF_DCIS_POPSTRRES1_1(1.0),ITC4,JAN,9,Y26,2019,17473,
IT1:29_7_DF_DCIS_POPSTRRES1_1(1.0),ITC4,JAN,9,Y26,2020,16906,
IT1:29_7_DF_DCIS_POPSTRRES1_1(1.0),ITC4,JAN,9,Y26,2021,18775,
IT1:29_7_DF_DCIS_POPSTRRES1_1(1.0),ITC4,JAN,9,Y26,2022,16951,
IT1:29_7_DF_DCIS_POPSTRRES1_1(1.0),ITC4,JAN,9,Y26,2023,17472,
IT1:29_7_DF_DCIS_POPSTRRES1_1(1.0),ITC4,JAN,9,Y26,2024,18462,
IT1:29_7_DF_DCIS_POPSTRRES1_1(1.0),ITC4,JAN,9,Y26,2025,19687,
IT1:29_7_DF_DCIS_POPSTRRES1_1(1.0),ITC4,JAN,9,Y26,2026,19916,e
IT1:29_7_DF_DCIS_POPSTRRES1_1(1.0),ITC4,JAN,9,Y27,2019,18072,
IT1:29_7_DF_DCIS_POPSTRRES1_1(1.0),ITC4,JAN,9,Y27,2020,18420,
IT1:29_7_DF_DCIS_POPSTRRES1_1(1.0),ITC4,JAN,9,Y27,2021,19153,
IT1:29_7_DF_DCIS_POPSTRRES1_1(1.0),ITC4,JAN,9,Y27,2022,17868,
IT1:29_7_DF_DCIS_POPSTRRES1_1(1.0),ITC4,JAN,9,Y27,2023,18384,
IT1:29_7_DF_DCIS_POPSTRRES1_1(1.0),ITC4,JAN,9,Y27,2024,19377,
IT1:29_7_DF_DCIS_POPSTRRES1_1(1.0),ITC4,JAN,9,Y27,2025,20353,
IT1:29_7_DF_DCIS_POPSTRRES1_1(1.0),ITC4,JAN,9,Y27,2026,21940,e
IT1:29_7_DF_DCIS_POPSTRRES1_1(1.0),ITC4,JAN,9,Y28,2019,20210,
IT1:29_7_DF_DCIS_POPSTRRES1_1(1.0),ITC4,JAN,9,Y28,2020,19019,
IT1:29_7_DF_DCIS_POPSTRRES1_1(1.0),ITC4,JAN,9,Y28,2021,20416,
IT1:29_7_DF_DCIS_POPSTRRES1_1(1.0),ITC4,JAN,9,Y28,2022,18393,
IT1:29_7_DF_DCIS_POPSTRRES1_1(1.0),ITC4,JAN,9,Y28,2023,19353,
IT1:29_7_DF_DCIS_POPSTRRES1_1(1.0),ITC4,JAN,9,Y28,2024,20123,
IT1:29_7_DF_DCIS_POPSTRRES1_1(1.0),ITC4,JAN,9,Y28,2025,21102,
IT1:29_7_DF_DCIS_POPSTRRES1_1(1.0),ITC4,JAN,9,Y28,2026,22333,e
IT1:29_7_DF_DCIS_POPSTRRES1_1(1.0),ITC4,JAN,9,Y29,2019,21624,
IT1:29_7_DF_DCIS_POPSTRRES1_1(1.0),ITC4,JAN,9,Y29,2020,21019,
IT1:29_7_DF_DCIS_POPSTRRES1_1(1.0),ITC4,JAN,9,Y29,2021,20687,
IT1:29_7_DF_DCIS_POPSTRRES1_1(1.0),ITC4,JAN,9,Y29,2022,19760,
IT1:29_7_DF_DCIS_POPSTRRES1_1(1.0),ITC4,JAN,9,Y29,2023,19746,
IT1:29_7_DF_DCIS_POPSTRRES1_1(1.0),ITC4,JAN,9,Y29,2024,21066,
IT1:29_7_DF_DCIS_POPSTRRES1_1(1.0),ITC4,JAN,9,Y29,2025,21603,
IT1:29_7_DF_DCIS_POPSTRRES1_1(1.0),ITC4,JAN,9,Y29,2026,23138,e
IT1:29_7_DF_DCIS_POPSTRRES1_1(1.0),ITC4,JAN,9,Y3,2019,16807,
IT1:29_7_DF_DCIS_POPSTRRES1_1(1.0),ITC4,JAN,9,Y3,2020,16450,
IT1:29_7_DF_DCIS_POPSTRRES1_1(1.0),ITC4,JAN,9,Y3,2021,16780,
IT1:29_7_DF_DCIS_POPSTRRES1_1(1.0),ITC4,JAN,9,Y3,2022,15878,
IT1:29_7_DF_DCIS_POPSTRRES1_1(1.0),ITC4,JAN,9,Y3,2023,15344,
IT1:29_7_DF_DCIS_POPSTRRES1_1(1.0),ITC4,JAN,9,Y3,2024,14483,
IT1:29_7_DF_DCIS_POPSTRRES1_1(1.0),ITC4,JAN,9,Y3,2025,12709,
IT1:29_7_DF_DCIS_POPSTRRES1_1(1.0),ITC4,JAN,9,Y3,2026,12867,e
IT1:29_7_DF_DCIS_POPSTRRES1_1(1.0),ITC4,JAN,9,Y30,2019,23497,
IT1:29_7_DF_DCIS_POPSTRRES1_1(1.0),ITC4,JAN,9,Y30,2020,22323,
IT1:29_7_DF_DCIS_POPSTRRES1_1(1.0),ITC4,JAN,9,Y30,2021,22262,
IT1:29_7_DF_DCIS_POPSTRRES1_1(1.0),ITC4,JAN,9,Y30,2022,20140,
IT1:29_7_DF_DCIS_POPSTRRES1_1(1.0),ITC4,JAN,9,Y30,2023,21140,
IT1:29_7_DF_DCIS_POPSTRRES1_1(1.0),ITC4,JAN,9,Y30,2024,21170,
IT1:29_7_DF_DCIS_POPSTRRES1_1(1.0),ITC4,JAN,9,Y30,2025,22338,
IT1:29_7_DF_DCIS_POPSTRRES1_1(1.0),ITC4,JAN,9,Y30,2026,23408,e
IT1:29_7_DF_DCIS_POPSTRRES1_1(1.0),ITC4,JAN,9,Y31,2019,24502,
IT1:29_7_DF_DCIS_POPSTRRES1_1(1.0),ITC4,JAN,9,Y31,2020,24118,
IT1:29_7_DF_DCIS_POPSTRRES1_1(1.0),ITC4,JAN,9,Y31,2021,23263,
IT1:29_7_DF_DCIS_POPSTRRES1_1(1.0),ITC4,JAN,9,Y31,2022,21639,
IT1:29_7_DF_DCIS_POPSTRRES1_1(1.0),ITC4,JAN,9,Y31,2023,21311,
IT1:29_7_DF_DCIS_POPSTRRES1_1(1.0),ITC4,JAN,9,Y31,2024,22567,
IT1:29_7_DF_DCIS_POPSTRRES1_1(1.0),ITC4,JAN,9,Y31,2025,22308,
IT1:29_7_DF_DCIS_POPSTRRES1_1(1.0),ITC4,JAN,9,Y31,2026,23911,e
IT1:29_7_DF_DCIS_POPSTRRES1_1(1.0),ITC4,JAN,9,Y32,2019,25219,
IT1:29_7_DF_DCIS_POPSTRRES1_1(1.0),ITC4,JAN,9,Y32,2020,25048,
IT1:29_7_DF_DCIS_POPSTRRES1_1(1.0),ITC4,JAN,9,Y32,2021,24991,
IT1:29_7_DF_DCIS_POPSTRRES1_1(1.0),ITC4,JAN,9,Y32,2022,22754,
IT1:29_7_DF_DCIS_POPSTRRES1_1(1.0),ITC4,JAN,9,Y32,2023,22638,
IT1:29_7_DF_DCIS_POPSTRRES1_1(1.0),ITC4,JAN,9,Y32,2024,22455,
IT1:29_7_DF_DCIS_POPSTRRES1_1(1.0),ITC4,JAN,9,Y32,2025,23611,
IT1:29_7_DF_DCIS_POPSTRRES1_1(1.0),ITC4,JAN,9,Y32,2026,23822,e
IT1:29_7_DF_DCIS_POPSTRRES1_1(1.0),ITC4,JAN,9,Y33,2019,24720,
IT1:29_7_DF_DCIS_POPSTRRES1_1(1.0),ITC4,JAN,9,Y33,2020,25511,
IT1:29_7_DF_DCIS_POPSTRRES1_1(1.0),ITC4,JAN,9,Y33,2021,25751,
IT1:29_7_DF_DCIS_POPSTRRES1_1(1.0),ITC4,JAN,9,Y33,2022,24501,
IT1:29_7_DF_DCIS_POPSTRRES1_1(1.0),ITC4,JAN,9,Y33,2023,23679,
IT1:29_7_DF_DCIS_POPSTRRES1_1(1.0),ITC4,JAN,9,Y33,2024,23728,
IT1:29_7_DF_DCIS_POPSTRRES1_1(1.0),ITC4,JAN,9,Y33,2025,23290,
IT1:29_7_DF_DCIS_POPSTRRES1_1(1.0),ITC4,JAN,9,Y33,2026,24853,e
IT1:29_7_DF_DCIS_POPSTRRES1_1(1.0),ITC4,JAN,9,Y34,2019,25834,
IT1:29_7_DF_DCIS_POPSTRRES1_1(1.0),ITC4,JAN,9,Y34,2020,25068,
IT1:29_7_DF_DCIS_POPSTRRES1_1(1.0),ITC4,JAN,9,Y34,2021,26140,
IT1:29_7_DF_DCIS_POPSTRRES1_1(1.0),ITC4,JAN,9,Y34,2022,25158,
IT1:29_7_DF_DCIS_POPSTRRES1_1(1.0),ITC4,JAN,9,Y34,2023,25221,
IT1:29_7_DF_DCIS_POPSTRRES1_1(1.0),ITC4,JAN,9,Y34,2024,24559,
IT1:29_7_DF_DCIS_POPSTRRES1_1(1.0),ITC4,JAN,9,Y34,2025,24463,
IT1:29_7_DF_DCIS_POPSTRRES1_1(1.0),ITC4,JAN,9,Y34,2026,24464,e
IT1:29_7_DF_DCIS_POPSTRRES1_1(1.0),ITC4,JAN,9,Y35,2019,25615,
IT1:29_7_DF_DCIS_POPSTRRES1_1(1.0),ITC4,JAN,9,Y35,2020,25999,
IT1:29_7_DF_DCIS_POPSTRRES1_1(1.0),ITC4,JAN,9,Y35,2021,25510,
IT1:29_7_DF_DCIS_POPSTRRES1_1(1.0),ITC4,JAN,9,Y35,2022,25483,
IT1:29_7_DF_DCIS_POPSTRRES1_1(1.0),ITC4,JAN,9,Y35,2023,25820,
IT1:29_7_DF_DCIS_POPSTRRES1_1(1.0),ITC4,JAN,9,Y35,2024,26144,
IT1:29_7_DF_DCIS_POPSTRRES1_1(1.0),ITC4,JAN,9,Y35,2025,25153,
IT1:29_7_DF_DCIS_POPSTRRES1_1(1.0),ITC4,JAN,9,Y35,2026,25369,e
IT1:29_7_DF_DCIS_POPSTRRES1_1(1.0),ITC4,JAN,9,Y36,2019,26935,
IT1:29_7_DF_DCIS_POPSTRRES1_1(1.0),ITC4,JAN,9,Y36,2020,25649,
IT1:29_7_DF_DCIS_POPSTRRES1_1(1.0),ITC4,JAN,9,Y36,2021,26395,
IT1:29_7_DF_DCIS_POPSTRRES1_1(1.0),ITC4,JAN,9,Y36,2022,24851,
IT1:29_7_DF_DCIS_POPSTRRES1_1(1.0),ITC4,JAN,9,Y36,2023,26102,
IT1:29_7_DF_DCIS_POPSTRRES1_1(1.0),ITC4,JAN,9,Y36,2024,26719,
IT1:29_7_DF_DCIS_POPSTRRES1_1(1.0),ITC4,JAN,9,Y36,2025,26642,
IT1:29_7_DF_DCIS_POPSTRRES1_1(1.0),ITC4,JAN,9,Y36,2026,25784,e
IT1:29_7_DF_DCIS_POPSTRRES1_1(1.0),ITC4,JAN,9,Y37,2019,26468,
IT1:29_7_DF_DCIS_POPSTRRES1_1(1.0),ITC4,JAN,9,Y37,2020,26993,
IT1:29_7_DF_DCIS_POPSTRRES1_1(1.0),ITC4,JAN,9,Y37,2021,26139,
IT1:29_7_DF_DCIS_POPSTRRES1_1(1.0),ITC4,JAN,9,Y37,2022,25689,
IT1:29_7_DF_DCIS_POPSTRRES1_1(1.0),ITC4,JAN,9,Y37,2023,25354,
IT1:29_7_DF_DCIS_POPSTRRES1_1(1.0),ITC4,JAN,9,Y37,2024,26618,
IT1:29_7_DF_DCIS_POPSTRRES1_1(1.0),ITC4,JAN,9,Y37,2025,27072,
IT1:29_7_DF_DCIS_POPSTRRES1_1(1.0),ITC4,JAN,9,Y37,2026,27123,e
IT1:29_7_DF_DCIS_POPSTRRES1_1(1.0),ITC4,JAN,9,Y38,2019,27248,
IT1:29_7_DF_DCIS_POPSTRRES1_1(1.0),ITC4,JAN,9,Y38,2020,26468,
IT1:29_7_DF_DCIS_POPSTRRES1_1(1.0),ITC4,JAN,9,Y38,2021,27185,
IT1:29_7_DF_DCIS_POPSTRRES1_1(1.0),ITC4,JAN,9,Y38,2022,25367,
IT1:29_7_DF_DCIS_POPSTRRES1_1(1.0),ITC4,JAN,9,Y38,2023,25985,
IT1:29_7_DF_DCIS_POPSTRRES1_1(1.0),ITC4,JAN,9,Y38,2024,25793,
IT1:29_7_DF_DCIS_POPSTRRES1_1(1.0),ITC4,JAN,9,Y38,2025,26704,
IT1:29_7_DF_DCIS_POPSTRRES1_1(1.0),ITC4,JAN,9,Y38,2026,27483,e
IT1:29_7_DF_DCIS_POPSTRRES1_1(1.0),ITC4,JAN,9,Y39,2019,26914,
IT1:29_7_DF_DCIS_POPSTRRES1_1(1.0),ITC4,JAN,9,Y39,2020,27046,
IT1:29_7_DF_DCIS_POPSTRRES1_1(1.0),ITC4,JAN,9,Y39,2021,26701,
IT1:29_7_DF_DCIS_POPSTRRES1_1(1.0),ITC4,JAN,9,Y39,2022,26432,
IT1:29_7_DF_DCIS_POPSTRRES1_1(1.0),ITC4,JAN,9,Y39,2023,25539,
IT1:29_7_DF_DCIS_POPSTRRES1_1(1.0),ITC4,JAN,9,Y39,2024,26226,
IT1:29_7_DF_DCIS_POPSTRRES1_1(1.0),ITC4,JAN,9,Y39,2025,25851,
IT1:29_7_DF_DCIS_POPSTRRES1_1(1.0),ITC4,JAN,9,Y39,2026,27069,e
IT1:29_7_DF_DCIS_POPSTRRES1_1(1.0),ITC4,JAN,9,Y4,2019,16868,
IT1:29_7_DF_DCIS_POPSTRRES1_1(1.0),ITC4,JAN,9,Y4,2020,16748,
IT1:29_7_DF_DCIS_POPSTRRES1_1(1.0),ITC4,JAN,9,Y4,2021,17045,
IT1:29_7_DF_DCIS_POPSTRRES1_1(1.0),ITC4,JAN,9,Y4,2022,16604,
IT1:29_7_DF_DCIS_POPSTRRES1_1(1.0),ITC4,JAN,9,Y4,2023,15591,
IT1:29_7_DF_DCIS_POPSTRRES1_1(1.0),ITC4,JAN,9,Y4,2024,15224,
IT1:29_7_DF_DCIS_POPSTRRES1_1(1.0),ITC4,JAN,9,Y4,2025,14016,
IT1:29_7_DF_DCIS_POPSTRRES1_1(1.0),ITC4,JAN,9,Y4,2026,12861,e
IT1:29_7_DF_DCIS_POPSTRRES1_1(1.0),ITC4,JAN,9,Y40,2019,26225,
IT1:29_7_DF_DCIS_POPSTRRES1_1(1.0),ITC4,JAN,9,Y40,2020,26583,
IT1:29_7_DF_DCIS_POPSTRRES1_1(1.0),ITC4,JAN,9,Y40,2021,27224,
IT1:29_7_DF_DCIS_POPSTRRES1_1(1.0),ITC4,JAN,9,Y40,2022,25765,
IT1:29_7_DF_DCIS_POPSTRRES1_1(1.0),ITC4,JAN,9,Y40,2023,26465,
IT1:29_7_DF_DCIS_POPSTRRES1_1(1.0),ITC4,JAN,9,Y40,2024,25632,
IT1:29_7_DF_DCIS_POPSTRRES1_1(1.0),ITC4,JAN,9,Y40,2025,26100,
IT1:29_7_DF_DCIS_POPSTRRES1_1(1.0),ITC4,JAN,9,Y40,2026,26110,e
IT1:29_7_DF_DCIS_POPSTRRES1_1(1.0),ITC4,JAN,9,Y41,2019,25628,
IT1:29_7_DF_DCIS_POPSTRRES1_1(1.0),ITC4,JAN,9,Y41,2020,25975,
IT1:29_7_DF_DCIS_POPSTRRES1_1(1.0),ITC4,JAN,9,Y41,2021,26649,
IT1:29_7_DF_DCIS_POPSTRRES1_1(1.0),ITC4,JAN,9,Y41,2022,26261,
IT1:29_7_DF_DCIS_POPSTRRES1_1(1.0),ITC4,JAN,9,Y41,2023,25659,
IT1:29_7_DF_DCIS_POPSTRRES1_1(1.0),ITC4,JAN,9,Y41,2024,26435,
IT1:29_7_DF_DCIS_POPSTRRES1_1(1.0),ITC4,JAN,9,Y41,2025,25479,
IT1:29_7_DF_DCIS_POPSTRRES1_1(1.0),ITC4,JAN,9,Y41,2026,26179,e
IT1:29_7_DF_DCIS_POPSTRRES1_1(1.0),ITC4,JAN,9,Y42,2019,24523,
IT1:29_7_DF_DCIS_POPSTRRES1_1(1.0),ITC4,JAN,9,Y42,2020,25330,
IT1:29_7_DF_DCIS_POPSTRRES1_1(1.0),ITC4,JAN,9,Y42,2021,25986,
IT1:29_7_DF_DCIS_POPSTRRES1_1(1.0),ITC4,JAN,9,Y42,2022,25740,
IT1:29_7_DF_DCIS_POPSTRRES1_1(1.0),ITC4,JAN,9,Y42,2023,26036,
IT1:29_7_DF_DCIS_POPSTRRES1_1(1.0),ITC4,JAN,9,Y42,2024,25524,
IT1:29_7_DF_DCIS_POPSTRRES1_1(1.0),ITC4,JAN,9,Y42,2025,26156,
IT1:29_7_DF_DCIS_POPSTRRES1_1(1.0),ITC4,JAN,9,Y42,2026,25629,e
IT1:29_7_DF_DCIS_POPSTRRES1_1(1.0),ITC4,JAN,9,Y43,2019,23595,
IT1:29_7_DF_DCIS_POPSTRRES1_1(1.0),ITC4,JAN,9,Y43,2020,24262,
IT1:29_7_DF_DCIS_POPSTRRES1_1(1.0),ITC4,JAN,9,Y43,2021,25343,
IT1:29_7_DF_DCIS_POPSTRRES1_1(1.0),ITC4,JAN,9,Y43,2022,24972,
IT1:29_7_DF_DCIS_POPSTRRES1_1(1.0),ITC4,JAN,9,Y43,2023,25435,
IT1:29_7_DF_DCIS_POPSTRRES1_1(1.0),ITC4,JAN,9,Y43,2024,25848,
IT1:29_7_DF_DCIS_POPSTRRES1_1(1.0),ITC4,JAN,9,Y43,2025,25069,
IT1:29_7_DF_DCIS_POPSTRRES1_1(1.0),ITC4,JAN,9,Y43,2026,26155,e
IT1:29_7_DF_DCIS_POPSTRRES1_1(1.0),ITC4,JAN,9,Y44,2019,22635,
IT1:29_7_DF_DCIS_POPSTRRES1_1(1.0),ITC4,JAN,9,Y44,2020,23393,
IT1:29_7_DF_DCIS_POPSTRRES1_1(1.0),ITC4,JAN,9,Y44,2021,24238,
IT1:29_7_DF_DCIS_POPSTRRES1_1(1.0),ITC4,JAN,9,Y44,2022,24407,
IT1:29_7_DF_DCIS_POPSTRRES1_1(1.0),ITC4,JAN,9,Y44,2023,24684,
IT1:29_7_DF_DCIS_POPSTRRES1_1(1.0),ITC4,JAN,9,Y44,2024,25132,
IT1:29_7_DF_DCIS_POPSTRRES1_1(1.0),ITC4,JAN,9,Y44,2025,25402,
IT1:29_7_DF_DCIS_POPSTRRES1_1(1.0),ITC4,JAN,9,Y44,2026,24996,e
IT1:29_7_DF_DCIS_POPSTRRES1_1(1.0),ITC4,JAN,9,Y45,2019,21195,
IT1:29_7_DF_DCIS_POPSTRRES1_1(1.0),ITC4,JAN,9,Y45,2020,22319,
IT1:29_7_DF_DCIS_POPSTRRES1_1(1.0),ITC4,JAN,9,Y45,2021,23487,
IT1:29_7_DF_DCIS_POPSTRRES1_1(1.0),ITC4,JAN,9,Y45,2022,23391,
IT1:29_7_DF_DCIS_POPSTRRES1_1(1.0),ITC4,JAN,9,Y45,2023,24110,
IT1:29_7_DF_DCIS_POPSTRRES1_1(1.0),ITC4,JAN,9,Y45,2024,24419,
IT1:29_7_DF_DCIS_POPSTRRES1_1(1.0),ITC4,JAN,9,Y45,2025,24669,
IT1:29_7_DF_DCIS_POPSTRRES1_1(1.0),ITC4,JAN,9,Y45,2026,25180,e
IT1:29_7_DF_DCIS_POPSTRRES1_1(1.0),ITC4,JAN,9,Y46,2019,20747,
IT1:29_7_DF_DCIS_POPSTRRES1_1(1.0),ITC4,JAN,9,Y46,2020,20939,
IT1:29_7_DF_DCIS_POPSTRRES1_1(1.0),ITC4,JAN,9,Y46,2021,22368,
IT1:29_7_DF_DCIS_POPSTRRES1_1(1.0),ITC4,JAN,9,Y46,2022,22622,
IT1:29_7_DF_DCIS_POPSTRRES1_1(1.0),ITC4,JAN,9,Y46,2023,22916,
IT1:29_7_DF_DCIS_POPSTRRES1_1(1.0),ITC4,JAN,9,Y46,2024,23812,
IT1:29_7_DF_DCIS_POPSTRRES1_1(1.0),ITC4,JAN,9,Y46,2025,24073,
IT1:29_7_DF_DCIS_POPSTRRES1_1(1.0),ITC4,JAN,9,Y46,2026,24471,e
IT1:29_7_DF_DCIS_POPSTRRES1_1(1.0),ITC4,JAN,9,Y47,2019,19684,
IT1:29_7_DF_DCIS_POPSTRRES1_1(1.0),ITC4,JAN,9,Y47,2020,20430,
IT1:29_7_DF_DCIS_POPSTRRES1_1(1.0),ITC4,JAN,9,Y47,2021,21048,
IT1:29_7_DF_DCIS_POPSTRRES1_1(1.0),ITC4,JAN,9,Y47,2022,21440,
IT1:29_7_DF_DCIS_POPSTRRES1_1(1.0),ITC4,JAN,9,Y47,2023,22234,
IT1:29_7_DF_DCIS_POPSTRRES1_1(1.0),ITC4,JAN,9,Y47,2024,22646,
IT1:29_7_DF_DCIS_POPSTRRES1_1(1.0),ITC4,JAN,9,Y47,2025,23402,
IT1:29_7_DF_DCIS_POPSTRRES1_1(1.0),ITC4,JAN,9,Y47,2026,23733,e
IT1:29_7_DF_DCIS_POPSTRRES1_1(1.0),ITC4,JAN,9,Y48,2019,19198,
IT1:29_7_DF_DCIS_POPSTRRES1_1(1.0),ITC4,JAN,9,Y48,2020,19482,
IT1:29_7_DF_DCIS_POPSTRRES1_1(1.0),ITC4,JAN,9,Y48,2021,20562,
IT1:29_7_DF_DCIS_POPSTRRES1_1(1.0),ITC4,JAN,9,Y48,2022,20202,
IT1:29_7_DF_DCIS_POPSTRRES1_1(1.0),ITC4,JAN,9,Y48,2023,20978,
IT1:29_7_DF_DCIS_POPSTRRES1_1(1.0),ITC4,JAN,9,Y48,2024,21975,
IT1:29_7_DF_DCIS_POPSTRRES1_1(1.0),ITC4,JAN,9,Y48,2025,22192,
IT1:29_7_DF_DCIS_POPSTRRES1_1(1.0),ITC4,JAN,9,Y48,2026,23098,e
IT1:29_7_DF_DCIS_POPSTRRES1_1(1.0),ITC4,JAN,9,Y49,2019,18093,
IT1:29_7_DF_DCIS_POPSTRRES1_1(1.0),ITC4,JAN,9,Y49,2020,18912,
IT1:29_7_DF_DCIS_POPSTRRES1_1(1.0),ITC4,JAN,9,Y49,2021,19437,
IT1:29_7_DF_DCIS_POPSTRRES1_1(1.0),ITC4,JAN,9,Y49,2022,19678,
IT1:29_7_DF_DCIS_POPSTRRES1_1(1.0),ITC4,JAN,9,Y49,2023,19828,
IT1:29_7_DF_DCIS_POPSTRRES1_1(1.0),ITC4,JAN,9,Y49,2024,20680,
IT1:29_7_DF_DCIS_POPSTRRES1_1(1.0),ITC4,JAN,9,Y49,2025,21578,
IT1:29_7_DF_DCIS_POPSTRRES1_1(1.0),ITC4,JAN,9,Y49,2026,21831,e
IT1:29_7_DF_DCIS_POPSTRRES1_1(1.0),ITC4,JAN,9,Y5,2019,16648,
IT1:29_7_DF_DCIS_POPSTRRES1_1(1.0),ITC4,JAN,9,Y5,2020,16850,
IT1:29_7_DF_DCIS_POPSTRRES1_1(1.0),ITC4,JAN,9,Y5,2021,17420,
IT1:29_7_DF_DCIS_POPSTRRES1_1(1.0),ITC4,JAN,9,Y5,2022,16643,
IT1:29_7_DF_DCIS_POPSTRRES1_1(1.0),ITC4,JAN,9,Y5,2023,16322,
IT1:29_7_DF_DCIS_POPSTRRES1_1(1.0),ITC4,JAN,9,Y5,2024,15328,
IT1:29_7_DF_DCIS_POPSTRRES1_1(1.0),ITC4,JAN,9,Y5,2025,14739,
IT1:29_7_DF_DCIS_POPSTRRES1_1(1.0),ITC4,JAN,9,Y5,2026,14126,e
IT1:29_7_DF_DCIS_POPSTRRES1_1(1.0),ITC4,JAN,9,Y50,2019,18092,
IT1:29_7_DF_DCIS_POPSTRRES1_1(1.0),ITC4,JAN,9,Y50,2020,17895,
IT1:29_7_DF_DCIS_POPSTRRES1_1(1.0),ITC4,JAN,9,Y50,2021,19084,
IT1:29_7_DF_DCIS_POPSTRRES1_1(1.0),ITC4,JAN,9,Y50,2022,18523,
IT1:29_7_DF_DCIS_POPSTRRES1_1(1.0),ITC4,JAN,9,Y50,2023,19281,
IT1:29_7_DF_DCIS_POPSTRRES1_1(1.0),ITC4,JAN,9,Y50,2024,19487,
IT1:29_7_DF_DCIS_POPSTRRES1_1(1.0),ITC4,JAN,9,Y50,2025,20313,
IT1:29_7_DF_DCIS_POPSTRRES1_1(1.0),ITC4,JAN,9,Y50,2026,21265,e
IT1:29_7_DF_DCIS_POPSTRRES1_1(1.0),ITC4,JAN,9,Y51,2019,16599,
IT1:29_7_DF_DCIS_POPSTRRES1_1(1.0),ITC4,JAN,9,Y51,2020,17889,
IT1:29_7_DF_DCIS_POPSTRRES1_1(1.0),ITC4,JAN,9,Y51,2021,17952,
IT1:29_7_DF_DCIS_POPSTRRES1_1(1.0),ITC4,JAN,9,Y51,2022,18272,
IT1:29_7_DF_DCIS_POPSTRRES1_1(1.0),ITC4,JAN,9,Y51,2023,18170,
IT1:29_7_DF_DCIS_POPSTRRES1_1(1.0),ITC4,JAN,9,Y51,2024,19060,
IT1:29_7_DF_DCIS_POPSTRRES1_1(1.0),ITC4,JAN,9,Y51,2025,19007,
IT1:29_7_DF_DCIS_POPSTRRES1_1(1.0),ITC4,JAN,9,Y51,2026,19998,e
IT1:29_7_DF_DCIS_POPSTRRES1_1(1.0),ITC4,JAN,9,Y52,2019,14839,
IT1:29_7_DF_DCIS_POPSTRRES1_1(1.0),ITC4,JAN,9,Y52,2020,16378,
IT1:29_7_DF_DCIS_POPSTRRES1_1(1.0),ITC4,JAN,9,Y52,2021,17914,
IT1:29_7_DF_DCIS_POPSTRRES1_1(1.0),ITC4,JAN,9,Y52,2022,17137,
IT1:29_7_DF_DCIS_POPSTRRES1_1(1.0),ITC4,JAN,9,Y52,2023,17996,
IT1:29_7_DF_DCIS_POPSTRRES1_1(1.0),ITC4,JAN,9,Y52,2024,17969,
IT1:29_7_DF_DCIS_POPSTRRES1_1(1.0),ITC4,JAN,9,Y52,2025,18743,
IT1:29_7_DF_DCIS_POPSTRRES1_1(1.0),ITC4,JAN,9,Y52,2026,18712,e
IT1:29_7_DF_DCIS_POPSTRRES1_1(1.0),ITC4,JAN,9,Y53,2019,13951,
IT1:29_7_DF_DCIS_POPSTRRES1_1(1.0),ITC4,JAN,9,Y53,2020,14623,
IT1:29_7_DF_DCIS_POPSTRRES1_1(1.0),ITC4,JAN,9,Y53,2021,16427,
IT1:29_7_DF_DCIS_POPSTRRES1_1(1.0),ITC4,JAN,9,Y53,2022,17164,
IT1:29_7_DF_DCIS_POPSTRRES1_1(1.0),ITC4,JAN,9,Y53,2023,16918,
IT1:29_7_DF_DCIS_POPSTRRES1_1(1.0),ITC4,JAN,9,Y53,2024,17697,
IT1:29_7_DF_DCIS_POPSTRRES1_1(1.0),ITC4,JAN,9,Y53,2025,17681,
IT1:29_7_DF_DCIS_POPSTRRES1_1(1.0),ITC4,JAN,9,Y53,2026,18457,e
IT1:29_7_DF_DCIS_POPSTRRES1_1(1.0),ITC4,JAN,9,Y54,2019,13165,
IT1:29_7_DF_DCIS_POPSTRRES1_1(1.0),ITC4,JAN,9,Y54,2020,13807,
IT1:29_7_DF_DCIS_POPSTRRES1_1(1.0),ITC4,JAN,9,Y54,2021,14581,
IT1:29_7_DF_DCIS_POPSTRRES1_1(1.0),ITC4,JAN,9,Y54,2022,15598,
IT1:29_7_DF_DCIS_POPSTRRES1_1(1.0),ITC4,JAN,9,Y54,2023,16831,
IT1:29_7_DF_DCIS_POPSTRRES1_1(1.0),ITC4,JAN,9,Y54,2024,16643,
IT1:29_7_DF_DCIS_POPSTRRES1_1(1.0),ITC4,JAN,9,Y54,2025,17401,
IT1:29_7_DF_DCIS_POPSTRRES1_1(1.0),ITC4,JAN,9,Y54,2026,17460,e
IT1:29_7_DF_DCIS_POPSTRRES1_1(1.0),ITC4,JAN,9,Y55,2019,12297,
IT1:29_7_DF_DCIS_POPSTRRES1_1(1.0),ITC4,JAN,9,Y55,2020,13024,
IT1:29_7_DF_DCIS_POPSTRRES1_1(1.0),ITC4,JAN,9,Y55,2021,13769,
IT1:29_7_DF_DCIS_POPSTRRES1_1(1.0),ITC4,JAN,9,Y55,2022,13879,
IT1:29_7_DF_DCIS_POPSTRRES1_1(1.0),ITC4,JAN,9,Y55,2023,15341,
IT1:29_7_DF_DCIS_POPSTRRES1_1(1.0),ITC4,JAN,9,Y55,2024,16593,
IT1:29_7_DF_DCIS_POPSTRRES1_1(1.0),ITC4,JAN,9,Y55,2025,16321,
IT1:29_7_DF_DCIS_POPSTRRES1_1(1.0),ITC4,JAN,9,Y55,2026,17123,e
IT1:29_7_DF_DCIS_POPSTRRES1_1(1.0),ITC4,JAN,9,Y56,2019,11726,
IT1:29_7_DF_DCIS_POPSTRRES1_1(1.0),ITC4,JAN,9,Y56,2020,12193,
IT1:29_7_DF_DCIS_POPSTRRES1_1(1.0),ITC4,JAN,9,Y56,2021,13016,
IT1:29_7_DF_DCIS_POPSTRRES1_1(1.0),ITC4,JAN,9,Y56,2022,13075,
IT1:29_7_DF_DCIS_POPSTRRES1_1(1.0),ITC4,JAN,9,Y56,2023,13715,
IT1:29_7_DF_DCIS_POPSTRRES1_1(1.0),ITC4,JAN,9,Y56,2024,15120,
IT1:29_7_DF_DCIS_POPSTRRES1_1(1.0),ITC4,JAN,9,Y56,2025,16303,
IT1:29_7_DF_DCIS_POPSTRRES1_1(1.0),ITC4,JAN,9,Y56,2026,15975,e
IT1:29_7_DF_DCIS_POPSTRRES1_1(1.0),ITC4,JAN,9,Y57,2019,10466,
IT1:29_7_DF_DCIS_POPSTRRES1_1(1.0),ITC4,JAN,9,Y57,2020,11615,
IT1:29_7_DF_DCIS_POPSTRRES1_1(1.0),ITC4,JAN,9,Y57,2021,12181,
IT1:29_7_DF_DCIS_POPSTRRES1_1(1.0),ITC4,JAN,9,Y57,2022,12317,
IT1:29_7_DF_DCIS_POPSTRRES1_1(1.0),ITC4,JAN,9,Y57,2023,12800,
IT1:29_7_DF_DCIS_POPSTRRES1_1(1.0),ITC4,JAN,9,Y57,2024,13569,
IT1:29_7_DF_DCIS_POPSTRRES1_1(1.0),ITC4,JAN,9,Y57,2025,14818,
IT1:29_7_DF_DCIS_POPSTRRES1_1(1.0),ITC4,JAN,9,Y57,2026,15982,e
IT1:29_7_DF_DCIS_POPSTRRES1_1(1.0),ITC4,JAN,9,Y58,2019,10399,
IT1:29_7_DF_DCIS_POPSTRRES1_1(1.0),ITC4,JAN,9,Y58,2020,10411,
IT1:29_7_DF_DCIS_POPSTRRES1_1(1.0),ITC4,JAN,9,Y58,2021,11558,
IT1:29_7_DF_DCIS_POPSTRRES1_1(1.0),ITC4,JAN,9,Y58,2022,11513,
IT1:29_7_DF_DCIS_POPSTRRES1_1(1.0),ITC4,JAN,9,Y58,2023,12163,
IT1:29_7_DF_DCIS_POPSTRRES1_1(1.0),ITC4,JAN,9,Y58,2024,12635,
IT1:29_7_DF_DCIS_POPSTRRES1_1(1.0),ITC4,JAN,9,Y58,2025,13294,
IT1:29_7_DF_DCIS_POPSTRRES1_1(1.0),ITC4,JAN,9,Y58,2026,14512,e
IT1:29_7_DF_DCIS_POPSTRRES1_1(1.0),ITC4,JAN,9,Y59,2019,9348,
IT1:29_7_DF_DCIS_POPSTRRES1_1(1.0),ITC4,JAN,9,Y59,2020,10306,
IT1:29_7_DF_DCIS_POPSTRRES1_1(1.0),ITC4,JAN,9,Y59,2021,10354,
IT1:29_7_DF_DCIS_POPSTRRES1_1(1.0),ITC4,JAN,9,Y59,2022,10847,
IT1:29_7_DF_DCIS_POPSTRRES1_1(1.0),ITC4,JAN,9,Y59,2023,11368,
IT1:29_7_DF_DCIS_POPSTRRES1_1(1.0),ITC4,JAN,9,Y59,2024,12067,
IT1:29_7_DF_DCIS_POPSTRRES1_1(1.0),ITC4,JAN,9,Y59,2025,12447,
IT1:29_7_DF_DCIS_POPSTRRES1_1(1.0),ITC4,JAN,9,Y59,2026,12998,e
IT1:29_7_DF_DCIS_POPSTRRES1_1(1.0),ITC4,JAN,9,Y6,2019,16616,
IT1:29_7_DF_DCIS_POPSTRRES1_1(1.0),ITC4,JAN,9,Y6,2020,16544,
IT1:29_7_DF_DCIS_POPSTRRES1_1(1.0),ITC4,JAN,9,Y6,2021,16871,
IT1:29_7_DF_DCIS_POPSTRRES1_1(1.0),ITC4,JAN,9,Y6,2022,16795,
IT1:29_7_DF_DCIS_POPSTRRES1_1(1.0),ITC4,JAN,9,Y6,2023,16259,
IT1:29_7_DF_DCIS_POPSTRRES1_1(1.0),ITC4,JAN,9,Y6,2024,15962,
IT1:29_7_DF_DCIS_POPSTRRES1_1(1.0),ITC4,JAN,9,Y6,2025,14805,
IT1:29_7_DF_DCIS_POPSTRRES1_1(1.0),ITC4,JAN,9,Y6,2026,14781,e
IT1:29_7_DF_DCIS_POPSTRRES1_1(1.0),ITC4,JAN,9,Y60,2019,8747,
IT1:29_7_DF_DCIS_POPSTRRES1_1(1.0),ITC4,JAN,9,Y60,2020,9270,
IT1:29_7_DF_DCIS_POPSTRRES1_1(1.0),ITC4,JAN,9,Y60,2021,10143,
IT1:29_7_DF_DCIS_POPSTRRES1_1(1.0),ITC4,JAN,9,Y60,2022,9720,
IT1:29_7_DF_DCIS_POPSTRRES1_1(1.0),ITC4,JAN,9,Y60,2023,10824,
IT1:29_7_DF_DCIS_POPSTRRES1_1(1.0),ITC4,JAN,9,Y60,2024,11171,
IT1:29_7_DF_DCIS_POPSTRRES1_1(1.0),ITC4,JAN,9,Y60,2025,11861,
IT1:29_7_DF_DCIS_POPSTRRES1_1(1.0),ITC4,JAN,9,Y60,2026,12135,e
IT1:29_7_DF_DCIS_POPSTRRES1_1(1.0),ITC4,JAN,9,Y61,2019,7790,
IT1:29_7_DF_DCIS_POPSTRRES1_1(1.0),ITC4,JAN,9,Y61,2020,8693,
IT1:29_7_DF_DCIS_POPSTRRES1_1(1.0),ITC4,JAN,9,Y61,2021,9087,
IT1:29_7_DF_DCIS_POPSTRRES1_1(1.0),ITC4,JAN,9,Y61,2022,9445,
IT1:29_7_DF_DCIS_POPSTRRES1_1(1.0),ITC4,JAN,9,Y61,2023,9614,
IT1:29_7_DF_DCIS_POPSTRRES1_1(1.0),ITC4,JAN,9,Y61,2024,10699,
IT1:29_7_DF_DCIS_POPSTRRES1_1(1.0),ITC4,JAN,9,Y61,2025,10931,
IT1:29_7_DF_DCIS_POPSTRRES1_1(1.0),ITC4,JAN,9,Y61,2026,11598,e
IT1:29_7_DF_DCIS_POPSTRRES1_1(1.0),ITC4,JAN,9,Y62,2019,7125,
IT1:29_7_DF_DCIS_POPSTRRES1_1(1.0),ITC4,JAN,9,Y62,2020,7702,
IT1:29_7_DF_DCIS_POPSTRRES1_1(1.0),ITC4,JAN,9,Y62,2021,8448,
IT1:29_7_DF_DCIS_POPSTRRES1_1(1.0),ITC4,JAN,9,Y62,2022,8404,
IT1:29_7_DF_DCIS_POPSTRRES1_1(1.0),ITC4,JAN,9,Y62,2023,9445,
IT1:29_7_DF_DCIS_POPSTRRES1_1(1.0),ITC4,JAN,9,Y62,2024,9437,
IT1:29_7_DF_DCIS_POPSTRRES1_1(1.0),ITC4,JAN,9,Y62,2025,10515,
IT1:29_7_DF_DCIS_POPSTRRES1_1(1.0),ITC4,JAN,9,Y62,2026,10695,e
IT1:29_7_DF_DCIS_POPSTRRES1_1(1.0),ITC4,JAN,9,Y63,2019,6339,
IT1:29_7_DF_DCIS_POPSTRRES1_1(1.0),ITC4,JAN,9,Y63,2020,7079,
IT1:29_7_DF_DCIS_POPSTRRES1_1(1.0),ITC4,JAN,9,Y63,2021,7444,
IT1:29_7_DF_DCIS_POPSTRRES1_1(1.0),ITC4,JAN,9,Y63,2022,7795,
IT1:29_7_DF_DCIS_POPSTRRES1_1(1.0),ITC4,JAN,9,Y63,2023,8390,
IT1:29_7_DF_DCIS_POPSTRRES1_1(1.0),ITC4,JAN,9,Y63,2024,9323,
IT1:29_7_DF_DCIS_POPSTRRES1_1(1.0),ITC4,JAN,9,Y63,2025,9231,
IT1:29_7_DF_DCIS_POPSTRRES1_1(1.0),ITC4,JAN,9,Y63,2026,10220,e
IT1:29_7_DF_DCIS_POPSTRRES1_1(1.0),ITC4,JAN,9,Y64,2019,5797,
IT1:29_7_DF_DCIS_POPSTRRES1_1(1.0),ITC4,JAN,9,Y64,2020,6322,
IT1:29_7_DF_DCIS_POPSTRRES1_1(1.0),ITC4,JAN,9,Y64,2021,6805,
IT1:29_7_DF_DCIS_POPSTRRES1_1(1.0),ITC4,JAN,9,Y64,2022,6804,
IT1:29_7_DF_DCIS_POPSTRRES1_1(1.0),ITC4,JAN,9,Y64,2023,7825,
IT1:29_7_DF_DCIS_POPSTRRES1_1(1.0),ITC4,JAN,9,Y64,2024,8255,
IT1:29_7_DF_DCIS_POPSTRRES1_1(1.0),ITC4,JAN,9,Y64,2025,9157,
IT1:29_7_DF_DCIS_POPSTRRES1_1(1.0),ITC4,JAN,9,Y64,2026,8986,e
IT1:29_7_DF_DCIS_POPSTRRES1_1(1.0),ITC4,JAN,9,Y65,2019,5049,
IT1:29_7_DF_DCIS_POPSTRRES1_1(1.0),ITC4,JAN,9,Y65,2020,5769,
IT1:29_7_DF_DCIS_POPSTRRES1_1(1.0),ITC4,JAN,9,Y65,2021,6143,
IT1:29_7_DF_DCIS_POPSTRRES1_1(1.0),ITC4,JAN,9,Y65,2022,6178,
IT1:29_7_DF_DCIS_POPSTRRES1_1(1.0),ITC4,JAN,9,Y65,2023,6901,
IT1:29_7_DF_DCIS_POPSTRRES1_1(1.0),ITC4,JAN,9,Y65,2024,7645,
IT1:29_7_DF_DCIS_POPSTRRES1_1(1.0),ITC4,JAN,9,Y65,2025,8113,
IT1:29_7_DF_DCIS_POPSTRRES1_1(1.0),ITC4,JAN,9,Y65,2026,8785,e
IT1:29_7_DF_DCIS_POPSTRRES1_1(1.0),ITC4,JAN,9,Y66,2019,4662,
IT1:29_7_DF_DCIS_POPSTRRES1_1(1.0),ITC4,JAN,9,Y66,2020,5031,
IT1:29_7_DF_DCIS_POPSTRRES1_1(1.0),ITC4,JAN,9,Y66,2021,5563,
IT1:29_7_DF_DCIS_POPSTRRES1_1(1.0),ITC4,JAN,9,Y66,2022,5614,
IT1:29_7_DF_DCIS_POPSTRRES1_1(1.0),ITC4,JAN,9,Y66,2023,6273,
IT1:29_7_DF_DCIS_POPSTRRES1_1(1.0),ITC4,JAN,9,Y66,2024,6721,
IT1:29_7_DF_DCIS_POPSTRRES1_1(1.0),ITC4,JAN,9,Y66,2025,7440,
IT1:29_7_DF_DCIS_POPSTRRES1_1(1.0),ITC4,JAN,9,Y66,2026,7899,e
IT1:29_7_DF_DCIS_POPSTRRES1_1(1.0),ITC4,JAN,9,Y67,2019,3776,
IT1:29_7_DF_DCIS_POPSTRRES1_1(1.0),ITC4,JAN,9,Y67,2020,4639,
IT1:29_7_DF_DCIS_POPSTRRES1_1(1.0),ITC4,JAN,9,Y67,2021,4795,
IT1:29_7_DF_DCIS_POPSTRRES1_1(1.0),ITC4,JAN,9,Y67,2022,4911,
IT1:29_7_DF_DCIS_POPSTRRES1_1(1.0),ITC4,JAN,9,Y67,2023,5614,
IT1:29_7_DF_DCIS_POPSTRRES1_1(1.0),ITC4,JAN,9,Y67,2024,6135,
IT1:29_7_DF_DCIS_POPSTRRES1_1(1.0),ITC4,JAN,9,Y67,2025,6537,
IT1:29_7_DF_DCIS_POPSTRRES1_1(1.0),ITC4,JAN,9,Y67,2026,7169,e
IT1:29_7_DF_DCIS_POPSTRRES1_1(1.0),ITC4,JAN,9,Y68,2019,3838,
IT1:29_7_DF_DCIS_POPSTRRES1_1(1.0),ITC4,JAN,9,Y68,2020,3786,
IT1:29_7_DF_DCIS_POPSTRRES1_1(1.0),ITC4,JAN,9,Y68,2021,4372,
IT1:29_7_DF_DCIS_POPSTRRES1_1(1.0),ITC4,JAN,9,Y68,2022,4206,
IT1:29_7_DF_DCIS_POPSTRRES1_1(1.0),ITC4,JAN,9,Y68,2023,4995,
IT1:29_7_DF_DCIS_POPSTRRES1_1(1.0),ITC4,JAN,9,Y68,2024,5449,
IT1:29_7_DF_DCIS_POPSTRRES1_1(1.0),ITC4,JAN,9,Y68,2025,5957,
IT1:29_7_DF_DCIS_POPSTRRES1_1(1.0),ITC4,JAN,9,Y68,2026,6326,e
IT1:29_7_DF_DCIS_POPSTRRES1_1(1.0),ITC4,JAN,9,Y69,2019,3352,
IT1:29_7_DF_DCIS_POPSTRRES1_1(1.0),ITC4,JAN,9,Y69,2020,3789,
IT1:29_7_DF_DCIS_POPSTRRES1_1(1.0),ITC4,JAN,9,Y69,2021,3463,
IT1:29_7_DF_DCIS_POPSTRRES1_1(1.0),ITC4,JAN,9,Y69,2022,3855,
IT1:29_7_DF_DCIS_POPSTRRES1_1(1.0),ITC4,JAN,9,Y69,2023,4242,
IT1:29_7_DF_DCIS_POPSTRRES1_1(1.0),ITC4,JAN,9,Y69,2024,4864,
IT1:29_7_DF_DCIS_POPSTRRES1_1(1.0),ITC4,JAN,9,Y69,2025,5373,
IT1:29_7_DF_DCIS_POPSTRRES1_1(1.0),ITC4,JAN,9,Y69,2026,5716,e
IT1:29_7_DF_DCIS_POPSTRRES1_1(1.0),ITC4,JAN,9,Y7,2019,15860,
IT1:29_7_DF_DCIS_POPSTRRES1_1(1.0),ITC4,JAN,9,Y7,2020,16401,
IT1:29_7_DF_DCIS_POPSTRRES1_1(1.0),ITC4,JAN,9,Y7,2021,16550,
IT1:29_7_DF_DCIS_POPSTRRES1_1(1.0),ITC4,JAN,9,Y7,2022,16849,
IT1:29_7_DF_DCIS_POPSTRRES1_1(1.0),ITC4,JAN,9,Y7,2023,16297,
IT1:29_7_DF_DCIS_POPSTRRES1_1(1.0),ITC4,JAN,9,Y7,2024,15933,
IT1:29_7_DF_DCIS_POPSTRRES1_1(1.0),ITC4,JAN,9,Y7,2025,15415,
IT1:29_7_DF_DCIS_POPSTRRES1_1(1.0),ITC4,JAN,9,Y7,2026,14820,e
IT1:29_7_DF_DCIS_POPSTRRES1_1(1.0),ITC4,JAN,9,Y70,2019,2811,
IT1:29_7_DF_DCIS_POPSTRRES1_1(1.0),ITC4,JAN,9,Y70,2020,3345,
IT1:29_7_DF_DCIS_POPSTRRES1_1(1.0),ITC4,JAN,9,Y70,2021,3578,
IT1:29_7_DF_DCIS_POPSTRRES1_1(1.0),ITC4,JAN,9,Y70,2022,3065,
IT1:29_7_DF_DCIS_POPSTRRES1_1(1.0),ITC4,JAN,9,Y70,2023,3939,
IT1:29_7_DF_DCIS_POPSTRRES1_1(1.0),ITC4,JAN,9,Y70,2024,4104,
IT1:29_7_DF_DCIS_POPSTRRES1_1(1.0),ITC4,JAN,9,Y70,2025,4819,
IT1:29_7_DF_DCIS_POPSTRRES1_1(1.0),ITC4,JAN,9,Y70,2026,5176,e
IT1:29_7_DF_DCIS_POPSTRRES1_1(1.0),ITC4,JAN,9,Y71,2019,2508,
IT1:29_7_DF_DCIS_POPSTRRES1_1(1.0),ITC4,JAN,9,Y71,2020,2786,
IT1:29_7_DF_DCIS_POPSTRRES1_1(1.0),ITC4,JAN,9,Y71,2021,3077,
IT1:29_7_DF_DCIS_POPSTRRES1_1(1.0),ITC4,JAN,9,Y71,2022,3098,
IT1:29_7_DF_DCIS_POPSTRRES1_1(1.0),ITC4,JAN,9,Y71,2023,3149,
IT1:29_7_DF_DCIS_POPSTRRES1_1(1.0),ITC4,JAN,9,Y71,2024,3881,
IT1:29_7_DF_DCIS_POPSTRRES1_1(1.0),ITC4,JAN,9,Y71,2025,4039,
IT1:29_7_DF_DCIS_POPSTRRES1_1(1.0),ITC4,JAN,9,Y71,2026,4657,e
IT1:29_7_DF_DCIS_POPSTRRES1_1(1.0),ITC4,JAN,9,Y72,2019,2059,
IT1:29_7_DF_DCIS_POPSTRRES1_1(1.0),ITC4,JAN,9,Y72,2020,2500,
IT1:29_7_DF_DCIS_POPSTRRES1_1(1.0),ITC4,JAN,9,Y72,2021,2559,
IT1:29_7_DF_DCIS_POPSTRRES1_1(1.0),ITC4,JAN,9,Y72,2022,2691,
IT1:29_7_DF_DCIS_POPSTRRES1_1(1.0),ITC4,JAN,9,Y72,2023,3212,
IT1:29_7_DF_DCIS_POPSTRRES1_1(1.0),ITC4,JAN,9,Y72,2024,3100,
IT1:29_7_DF_DCIS_POPSTRRES1_1(1.0),ITC4,JAN,9,Y72,2025,3798,
IT1:29_7_DF_DCIS_POPSTRRES1_1(1.0),ITC4,JAN,9,Y72,2026,3897,e
IT1:29_7_DF_DCIS_POPSTRRES1_1(1.0),ITC4,JAN,9,Y73,2019,1724,
IT1:29_7_DF_DCIS_POPSTRRES1_1(1.0),ITC4,JAN,9,Y73,2020,2059,
IT1:29_7_DF_DCIS_POPSTRRES1_1(1.0),ITC4,JAN,9,Y73,2021,2293,
IT1:29_7_DF_DCIS_POPSTRRES1_1(1.0),ITC4,JAN,9,Y73,2022,2200,
IT1:29_7_DF_DCIS_POPSTRRES1_1(1.0),ITC4,JAN,9,Y73,2023,2755,
IT1:29_7_DF_DCIS_POPSTRRES1_1(1.0),ITC4,JAN,9,Y73,2024,3102,
IT1:29_7_DF_DCIS_POPSTRRES1_1(1.0),ITC4,JAN,9,Y73,2025,3043,
IT1:29_7_DF_DCIS_POPSTRRES1_1(1.0),ITC4,JAN,9,Y73,2026,3655,e
IT1:29_7_DF_DCIS_POPSTRRES1_1(1.0),ITC4,JAN,9,Y74,2019,1619,
IT1:29_7_DF_DCIS_POPSTRRES1_1(1.0),ITC4,JAN,9,Y74,2020,1716,
IT1:29_7_DF_DCIS_POPSTRRES1_1(1.0),ITC4,JAN,9,Y74,2021,1904,
IT1:29_7_DF_DCIS_POPSTRRES1_1(1.0),ITC4,JAN,9,Y74,2022,2003,
IT1:29_7_DF_DCIS_POPSTRRES1_1(1.0),ITC4,JAN,9,Y74,2023,2260,
IT1:29_7_DF_DCIS_POPSTRRES1_1(1.0),ITC4,JAN,9,Y74,2024,2708,
IT1:29_7_DF_DCIS_POPSTRRES1_1(1.0),ITC4,JAN,9,Y74,2025,3037,
IT1:29_7_DF_DCIS_POPSTRRES1_1(1.0),ITC4,JAN,9,Y74,2026,2906,e
IT1:29_7_DF_DCIS_POPSTRRES1_1(1.0),ITC4,JAN,9,Y75,2019,1528,
IT1:29_7_DF_DCIS_POPSTRRES1_1(1.0),ITC4,JAN,9,Y75,2020,1605,
IT1:29_7_DF_DCIS_POPSTRRES1_1(1.0),ITC4,JAN,9,Y75,2021,1593,
IT1:29_7_DF_DCIS_POPSTRRES1_1(1.0),ITC4,JAN,9,Y75,2022,1626,
IT1:29_7_DF_DCIS_POPSTRRES1_1(1.0),ITC4,JAN,9,Y75,2023,2059,
IT1:29_7_DF_DCIS_POPSTRRES1_1(1.0),ITC4,JAN,9,Y75,2024,2268,
IT1:29_7_DF_DCIS_POPSTRRES1_1(1.0),ITC4,JAN,9,Y75,2025,2605,
IT1:29_7_DF_DCIS_POPSTRRES1_1(1.0),ITC4,JAN,9,Y75,2026,2926,e
IT1:29_7_DF_DCIS_POPSTRRES1_1(1.0),ITC4,JAN,9,Y76,2019,1456,
IT1:29_7_DF_DCIS_POPSTRRES1_1(1.0),ITC4,JAN,9,Y76,2020,1531,
IT1:29_7_DF_DCIS_POPSTRRES1_1(1.0),ITC4,JAN,9,Y76,2021,1452,
IT1:29_7_DF_DCIS_POPSTRRES1_1(1.0),ITC4,JAN,9,Y76,2022,1362,
IT1:29_7_DF_DCIS_POPSTRRES1_1(1.0),ITC4,JAN,9,Y76,2023,1665,
IT1:29_7_DF_DCIS_POPSTRRES1_1(1.0),ITC4,JAN,9,Y76,2024,2047,
IT1:29_7_DF_DCIS_POPSTRRES1_1(1.0),ITC4,JAN,9,Y76,2025,2274,
IT1:29_7_DF_DCIS_POPSTRRES1_1(1.0),ITC4,JAN,9,Y76,2026,2500,e
IT1:29_7_DF_DCIS_POPSTRRES1_1(1.0),ITC4,JAN,9,Y77,2019,1222,
IT1:29_7_DF_DCIS_POPSTRRES1_1(1.0),ITC4,JAN,9,Y77,2020,1418,
IT1:29_7_DF_DCIS_POPSTRRES1_1(1.0),ITC4,JAN,9,Y77,2021,1382,
IT1:29_7_DF_DCIS_POPSTRRES1_1(1.0),ITC4,JAN,9,Y77,2022,1213,
IT1:29_7_DF_DCIS_POPSTRRES1_1(1.0),ITC4,JAN,9,Y77,2023,1406,
IT1:29_7_DF_DCIS_POPSTRRES1_1(1.0),ITC4,JAN,9,Y77,2024,1617,
IT1:29_7_DF_DCIS_POPSTRRES1_1(1.0),ITC4,JAN,9,Y77,2025,2014,
IT1:29_7_DF_DCIS_POPSTRRES1_1(1.0),ITC4,JAN,9,Y77,2026,2186,e
IT1:29_7_DF_DCIS_POPSTRRES1_1(1.0),ITC4,JAN,9,Y78,2019,1340,
IT1:29_7_DF_DCIS_POPSTRRES1_1(1.0),ITC4,JAN,9,Y78,2020,1207,
IT1:29_7_DF_DCIS_POPSTRRES1_1(1.0),ITC4,JAN,9,Y78,2021,1297,
IT1:29_7_DF_DCIS_POPSTRRES1_1(1.0),ITC4,JAN,9,Y78,2022,1187,
IT1:29_7_DF_DCIS_POPSTRRES1_1(1.0),ITC4,JAN,9,Y78,2023,1239,
IT1:29_7_DF_DCIS_POPSTRRES1_1(1.0),ITC4,JAN,9,Y78,2024,1382,
IT1:29_7_DF_DCIS_POPSTRRES1_1(1.0),ITC4,JAN,9,Y78,2025,1596,
IT1:29_7_DF_DCIS_POPSTRRES1_1(1.0),ITC4,JAN,9,Y78,2026,1927,e
IT1:29_7_DF_DCIS_POPSTRRES1_1(1.0),ITC4,JAN,9,Y79,2019,996,
IT1:29_7_DF_DCIS_POPSTRRES1_1(1.0),ITC4,JAN,9,Y79,2020,1304,
IT1:29_7_DF_DCIS_POPSTRRES1_1(1.0),ITC4,JAN,9,Y79,2021,1086,
IT1:29_7_DF_DCIS_POPSTRRES1_1(1.0),ITC4,JAN,9,Y79,2022,1082,
IT1:29_7_DF_DCIS_POPSTRRES1_1(1.0),ITC4,JAN,9,Y79,2023,1216,
IT1:29_7_DF_DCIS_POPSTRRES1_1(1.0),ITC4,JAN,9,Y79,2024,1219,
IT1:29_7_DF_DCIS_POPSTRRES1_1(1.0),ITC4,JAN,9,Y79,2025,1341,
IT1:29_7_DF_DCIS_POPSTRRES1_1(1.0),ITC4,JAN,9,Y79,2026,1520,e
IT1:29_7_DF_DCIS_POPSTRRES1_1(1.0),ITC4,JAN,9,Y8,2019,15592,
IT1:29_7_DF_DCIS_POPSTRRES1_1(1.0),ITC4,JAN,9,Y8,2020,15609,
IT1:29_7_DF_DCIS_POPSTRRES1_1(1.0),ITC4,JAN,9,Y8,2021,16201,
IT1:29_7_DF_DCIS_POPSTRRES1_1(1.0),ITC4,JAN,9,Y8,2022,16221,
IT1:29_7_DF_DCIS_POPSTRRES1_1(1.0),ITC4,JAN,9,Y8,2023,16325,
IT1:29_7_DF_DCIS_POPSTRRES1_1(1.0),ITC4,JAN,9,Y8,2024,15998,
IT1:29_7_DF_DCIS_POPSTRRES1_1(1.0),ITC4,JAN,9,Y8,2025,15416,
IT1:29_7_DF_DCIS_POPSTRRES1_1(1.0),ITC4,JAN,9,Y8,2026,15430,e
IT1:29_7_DF_DCIS_POPSTRRES1_1(1.0),ITC4,JAN,9,Y80,2019,977,
IT1:29_7_DF_DCIS_POPSTRRES1_1(1.0),ITC4,JAN,9,Y80,2020,969,
IT1:29_7_DF_DCIS_POPSTRRES1_1(1.0),ITC4,JAN,9,Y80,2021,1127,
IT1:29_7_DF_DCIS_POPSTRRES1_1(1.0),ITC4,JAN,9,Y80,2022,915,
IT1:29_7_DF_DCIS_POPSTRRES1_1(1.0),ITC4,JAN,9,Y80,2023,1137,
IT1:29_7_DF_DCIS_POPSTRRES1_1(1.0),ITC4,JAN,9,Y80,2024,1164,
IT1:29_7_DF_DCIS_POPSTRRES1_1(1.0),ITC4,JAN,9,Y80,2025,1218,
IT1:29_7_DF_DCIS_POPSTRRES1_1(1.0),ITC4,JAN,9,Y80,2026,1288,e
IT1:29_7_DF_DCIS_POPSTRRES1_1(1.0),ITC4,JAN,9,Y81,2019,807,
IT1:29_7_DF_DCIS_POPSTRRES1_1(1.0),ITC4,JAN,9,Y81,2020,952,
IT1:29_7_DF_DCIS_POPSTRRES1_1(1.0),ITC4,JAN,9,Y81,2021,835,
IT1:29_7_DF_DCIS_POPSTRRES1_1(1.0),ITC4,JAN,9,Y81,2022,954,
IT1:29_7_DF_DCIS_POPSTRRES1_1(1.0),ITC4,JAN,9,Y81,2023,925,
IT1:29_7_DF_DCIS_POPSTRRES1_1(1.0),ITC4,JAN,9,Y81,2024,1072,
IT1:29_7_DF_DCIS_POPSTRRES1_1(1.0),ITC4,JAN,9,Y81,2025,1119,
IT1:29_7_DF_DCIS_POPSTRRES1_1(1.0),ITC4,JAN,9,Y81,2026,1156,e
IT1:29_7_DF_DCIS_POPSTRRES1_1(1.0),ITC4,JAN,9,Y82,2019,694,
IT1:29_7_DF_DCIS_POPSTRRES1_1(1.0),ITC4,JAN,9,Y82,2020,769,
IT1:29_7_DF_DCIS_POPSTRRES1_1(1.0),ITC4,JAN,9,Y82,2021,841,
IT1:29_7_DF_DCIS_POPSTRRES1_1(1.0),ITC4,JAN,9,Y82,2022,697,
IT1:29_7_DF_DCIS_POPSTRRES1_1(1.0),ITC4,JAN,9,Y82,2023,924,
IT1:29_7_DF_DCIS_POPSTRRES1_1(1.0),ITC4,JAN,9,Y82,2024,865,
IT1:29_7_DF_DCIS_POPSTRRES1_1(1.0),ITC4,JAN,9,Y82,2025,1071,
IT1:29_7_DF_DCIS_POPSTRRES1_1(1.0),ITC4,JAN,9,Y82,2026,1066,e
IT1:29_7_DF_DCIS_POPSTRRES1_1(1.0),ITC4,JAN,9,Y83,2019,631,
IT1:29_7_DF_DCIS_POPSTRRES1_1(1.0),ITC4,JAN,9,Y83,2020,667,
IT1:29_7_DF_DCIS_POPSTRRES1_1(1.0),ITC4,JAN,9,Y83,2021,664,
IT1:29_7_DF_DCIS_POPSTRRES1_1(1.0),ITC4,JAN,9,Y83,2022,672,
IT1:29_7_DF_DCIS_POPSTRRES1_1(1.0),ITC4,JAN,9,Y83,2023,682,
IT1:29_7_DF_DCIS_POPSTRRES1_1(1.0),ITC4,JAN,9,Y83,2024,863,
IT1:29_7_DF_DCIS_POPSTRRES1_1(1.0),ITC4,JAN,9,Y83,2025,841,
IT1:29_7_DF_DCIS_POPSTRRES1_1(1.0),ITC4,JAN,9,Y83,2026,1011,e
IT1:29_7_DF_DCIS_POPSTRRES1_1(1.0),ITC4,JAN,9,Y84,2019,496,
IT1:29_7_DF_DCIS_POPSTRRES1_1(1.0),ITC4,JAN,9,Y84,2020,611,
IT1:29_7_DF_DCIS_POPSTRRES1_1(1.0),ITC4,JAN,9,Y84,2021,549,
IT1:29_7_DF_DCIS_POPSTRRES1_1(1.0),ITC4,JAN,9,Y84,2022,514,
IT1:29_7_DF_DCIS_POPSTRRES1_1(1.0),ITC4,JAN,9,Y84,2023,653,
IT1:29_7_DF_DCIS_POPSTRRES1_1(1.0),ITC4,JAN,9,Y84,2024,639,
IT1:29_7_DF_DCIS_POPSTRRES1_1(1.0),ITC4,JAN,9,Y84,2025,837,
IT1:29_7_DF_DCIS_POPSTRRES1_1(1.0),ITC4,JAN,9,Y84,2026,776,e
IT1:29_7_DF_DCIS_POPSTRRES1_1(1.0),ITC4,JAN,9,Y85,2019,391,
IT1:29_7_DF_DCIS_POPSTRRES1_1(1.0),ITC4,JAN,9,Y85,2020,487,
IT1:29_7_DF_DCIS_POPSTRRES1_1(1.0),ITC4,JAN,9,Y85,2021,525,
IT1:29_7_DF_DCIS_POPSTRRES1_1(1.0),ITC4,JAN,9,Y85,2022,438,
IT1:29_7_DF_DCIS_POPSTRRES1_1(1.0),ITC4,JAN,9,Y85,2023,506,
IT1:29_7_DF_DCIS_POPSTRRES1_1(1.0),ITC4,JAN,9,Y85,2024,605,
IT1:29_7_DF_DCIS_POPSTRRES1_1(1.0),ITC4,JAN,9,Y85,2025,612,
IT1:29_7_DF_DCIS_POPSTRRES1_1(1.0),ITC4,JAN,9,Y85,2026,766,e
IT1:29_7_DF_DCIS_POPSTRRES1_1(1.0),ITC4,JAN,9,Y86,2019,372,
IT1:29_7_DF_DCIS_POPSTRRES1_1(1.0),ITC4,JAN,9,Y86,2020,379,
IT1:29_7_DF_DCIS_POPSTRRES1_1(1.0),ITC4,JAN,9,Y86,2021,391,
IT1:29_7_DF_DCIS_POPSTRRES1_1(1.0),ITC4,JAN,9,Y86,2022,423,
IT1:29_7_DF_DCIS_POPSTRRES1_1(1.0),ITC4,JAN,9,Y86,2023,424,
IT1:29_7_DF_DCIS_POPSTRRES1_1(1.0),ITC4,JAN,9,Y86,2024,466,
IT1:29_7_DF_DCIS_POPSTRRES1_1(1.0),ITC4,JAN,9,Y86,2025,586,
IT1:29_7_DF_DCIS_POPSTRRES1_1(1.0),ITC4,JAN,9,Y86,2026,571,e
IT1:29_7_DF_DCIS_POPSTRRES1_1(1.0),ITC4,JAN,9,Y87,2019,260,
IT1:29_7_DF_DCIS_POPSTRRES1_1(1.0),ITC4,JAN,9,Y87,2020,353,
IT1:29_7_DF_DCIS_POPSTRRES1_1(1.0),ITC4,JAN,9,Y87,2021,309,
IT1:29_7_DF_DCIS_POPSTRRES1_1(1.0),ITC4,JAN,9,Y87,2022,315,
IT1:29_7_DF_DCIS_POPSTRRES1_1(1.0),ITC4,JAN,9,Y87,2023,396,
IT1:29_7_DF_DCIS_POPSTRRES1_1(1.0),ITC4,JAN,9,Y87,2024,387,
IT1:29_7_DF_DCIS_POPSTRRES1_1(1.0),ITC4,JAN,9,Y87,2025,423,
IT1:29_7_DF_DCIS_POPSTRRES1_1(1.0),ITC4,JAN,9,Y87,2026,540,e
IT1:29_7_DF_DCIS_POPSTRRES1_1(1.0),ITC4,JAN,9,Y88,2019,282,
IT1:29_7_DF_DCIS_POPSTRRES1_1(1.0),ITC4,JAN,9,Y88,2020,240,
IT1:29_7_DF_DCIS_POPSTRRES1_1(1.0),ITC4,JAN,9,Y88,2021,290,
IT1:29_7_DF_DCIS_POPSTRRES1_1(1.0),ITC4,JAN,9,Y88,2022,237,
IT1:29_7_DF_DCIS_POPSTRRES1_1(1.0),ITC4,JAN,9,Y88,2023,299,
IT1:29_7_DF_DCIS_POPSTRRES1_1(1.0),ITC4,JAN,9,Y88,2024,366,
IT1:29_7_DF_DCIS_POPSTRRES1_1(1.0),ITC4,JAN,9,Y88,2025,364,
IT1:29_7_DF_DCIS_POPSTRRES1_1(1.0),ITC4,JAN,9,Y88,2026,367,e
IT1:29_7_DF_DCIS_POPSTRRES1_1(1.0),ITC4,JAN,9,Y89,2019,160,
IT1:29_7_DF_DCIS_POPSTRRES1_1(1.0),ITC4,JAN,9,Y89,2020,252,
IT1:29_7_DF_DCIS_POPSTRRES1_1(1.0),ITC4,JAN,9,Y89,2021,190,
IT1:29_7_DF_DCIS_POPSTRRES1_1(1.0),ITC4,JAN,9,Y89,2022,220,
IT1:29_7_DF_DCIS_POPSTRRES1_1(1.0),ITC4,JAN,9,Y89,2023,225,
IT1:29_7_DF_DCIS_POPSTRRES1_1(1.0),ITC4,JAN,9,Y89,2024,279,
IT1:29_7_DF_DCIS_POPSTRRES1_1(1.0),ITC4,JAN,9,Y89,2025,339,
IT1:29_7_DF_DCIS_POPSTRRES1_1(1.0),ITC4,JAN,9,Y89,2026,323,e
IT1:29_7_DF_DCIS_POPSTRRES1_1(1.0),ITC4,JAN,9,Y9,2019,15499,
IT1:29_7_DF_DCIS_POPSTRRES1_1(1.0),ITC4,JAN,9,Y9,2020,15395,
IT1:29_7_DF_DCIS_POPSTRRES1_1(1.0),ITC4,JAN,9,Y9,2021,15365,
IT1:29_7_DF_DCIS_POPSTRRES1_1(1.0),ITC4,JAN,9,Y9,2022,15960,
IT1:29_7_DF_DCIS_POPSTRRES1_1(1.0),ITC4,JAN,9,Y9,2023,15630,
IT1:29_7_DF_DCIS_POPSTRRES1_1(1.0),ITC4,JAN,9,Y9,2024,16006,
IT1:29_7_DF_DCIS_POPSTRRES1_1(1.0),ITC4,JAN,9,Y9,2025,15401,
IT1:29_7_DF_DCIS_POPSTRRES1_1(1.0),ITC4,JAN,9,Y9,2026,15496,e
IT1:29_7_DF_DCIS_POPSTRRES1_1(1.0),ITC4,JAN,9,Y90,2019,136,
IT1:29_7_DF_DCIS_POPSTRRES1_1(1.0),ITC4,JAN,9,Y90,2020,138,
IT1:29_7_DF_DCIS_POPSTRRES1_1(1.0),ITC4,JAN,9,Y90,2021,204,
IT1:29_7_DF_DCIS_POPSTRRES1_1(1.0),ITC4,JAN,9,Y90,2022,134,
IT1:29_7_DF_DCIS_POPSTRRES1_1(1.0),ITC4,JAN,9,Y90,2023,215,
IT1:29_7_DF_DCIS_POPSTRRES1_1(1.0),ITC4,JAN,9,Y90,2024,199,
IT1:29_7_DF_DCIS_POPSTRRES1_1(1.0),ITC4,JAN,9,Y90,2025,252,
IT1:29_7_DF_DCIS_POPSTRRES1_1(1.0),ITC4,JAN,9,Y90,2026,309,e
IT1:29_7_DF_DCIS_POPSTRRES1_1(1.0),ITC4,JAN,9,Y91,2019,112,
IT1:29_7_DF_DCIS_POPSTRRES1_1(1.0),ITC4,JAN,9,Y91,2020,123,
IT1:29_7_DF_DCIS_POPSTRRES1_1(1.0),ITC4,JAN,9,Y91,2021,108,
IT1:29_7_DF_DCIS_POPSTRRES1_1(1.0),ITC4,JAN,9,Y91,2022,157,
IT1:29_7_DF_DCIS_POPSTRRES1_1(1.0),ITC4,JAN,9,Y91,2023,114,
IT1:29_7_DF_DCIS_POPSTRRES1_1(1.0),ITC4,JAN,9,Y91,2024,183,
IT1:29_7_DF_DCIS_POPSTRRES1_1(1.0),ITC4,JAN,9,Y91,2025,180,
IT1:29_7_DF_DCIS_POPSTRRES1_1(1.0),ITC4,JAN,9,Y91,2026,220,e
IT1:29_7_DF_DCIS_POPSTRRES1_1(1.0),ITC4,JAN,9,Y92,2019,84,
IT1:29_7_DF_DCIS_POPSTRRES1_1(1.0),ITC4,JAN,9,Y92,2020,104,
IT1:29_7_DF_DCIS_POPSTRRES1_1(1.0),ITC4,JAN,9,Y92,2021,81,
IT1:29_7_DF_DCIS_POPSTRRES1_1(1.0),ITC4,JAN,9,Y92,2022,86,
IT1:29_7_DF_DCIS_POPSTRRES1_1(1.0),ITC4,JAN,9,Y92,2023,140,
IT1:29_7_DF_DCIS_POPSTRRES1_1(1.0),ITC4,JAN,9,Y92,2024,92,
IT1:29_7_DF_DCIS_POPSTRRES1_1(1.0),ITC4,JAN,9,Y92,2025,161,
IT1:29_7_DF_DCIS_POPSTRRES1_1(1.0),ITC4,JAN,9,Y92,2026,159,e
IT1:29_7_DF_DCIS_POPSTRRES1_1(1.0),ITC4,JAN,9,Y93,2019,76,
IT1:29_7_DF_DCIS_POPSTRRES1_1(1.0),ITC4,JAN,9,Y93,2020,74,
IT1:29_7_DF_DCIS_POPSTRRES1_1(1.0),ITC4,JAN,9,Y93,2021,86,
IT1:29_7_DF_DCIS_POPSTRRES1_1(1.0),ITC4,JAN,9,Y93,2022,49,
IT1:29_7_DF_DCIS_POPSTRRES1_1(1.0),ITC4,JAN,9,Y93,2023,77,
IT1:29_7_DF_DCIS_POPSTRRES1_1(1.0),ITC4,JAN,9,Y93,2024,101,
IT1:29_7_DF_DCIS_POPSTRRES1_1(1.0),ITC4,JAN,9,Y93,2025,81,
IT1:29_7_DF_DCIS_POPSTRRES1_1(1.0),ITC4,JAN,9,Y93,2026,134,e
IT1:29_7_DF_DCIS_POPSTRRES1_1(1.0),ITC4,JAN,9,Y94,2019,48,
IT1:29_7_DF_DCIS_POPSTRRES1_1(1.0),ITC4,JAN,9,Y94,2020,61,
IT1:29_7_DF_DCIS_POPSTRRES1_1(1.0),ITC4,JAN,9,Y94,2021,58,
IT1:29_7_DF_DCIS_POPSTRRES1_1(1.0),ITC4,JAN,9,Y94,2022,62,
IT1:29_7_DF_DCIS_POPSTRRES1_1(1.0),ITC4,JAN,9,Y94,2023,44,
IT1:29_7_DF_DCIS_POPSTRRES1_1(1.0),ITC4,JAN,9,Y94,2024,65,
IT1:29_7_DF_DCIS_POPSTRRES1_1(1.0),ITC4,JAN,9,Y94,2025,85,
IT1:29_7_DF_DCIS_POPSTRRES1_1(1.0),ITC4,JAN,9,Y94,2026,65,e
IT1:29_7_DF_DCIS_POPSTRRES1_1(1.0),ITC4,JAN,9,Y95,2019,54,
IT1:29_7_DF_DCIS_POPSTRRES1_1(1.0),ITC4,JAN,9,Y95,2020,37,
IT1:29_7_DF_DCIS_POPSTRRES1_1(1.0),ITC4,JAN,9,Y95,2021,43,
IT1:29_7_DF_DCIS_POPSTRRES1_1(1.0),ITC4,JAN,9,Y95,2022,43,
IT1:29_7_DF_DCIS_POPSTRRES1_1(1.0),ITC4,JAN,9,Y95,2023,57,
IT1:29_7_DF_DCIS_POPSTRRES1_1(1.0),ITC4,JAN,9,Y95,2024,41,
IT1:29_7_DF_DCIS_POPSTRRES1_1(1.0),ITC4,JAN,9,Y95,2025,62,
IT1:29_7_DF_DCIS_POPSTRRES1_1(1.0),ITC4,JAN,9,Y95,2026,74,e
IT1:29_7_DF_DCIS_POPSTRRES1_1(1.0),ITC4,JAN,9,Y96,2019,33,
IT1:29_7_DF_DCIS_POPSTRRES1_1(1.0),ITC4,JAN,9,Y96,2020,43,
IT1:29_7_DF_DCIS_POPSTRRES1_1(1.0),ITC4,JAN,9,Y96,2021,28,
IT1:29_7_DF_DCIS_POPSTRRES1_1(1.0),ITC4,JAN,9,Y96,2022,29,
IT1:29_7_DF_DCIS_POPSTRRES1_1(1.0),ITC4,JAN,9,Y96,2023,42,
IT1:29_7_DF_DCIS_POPSTRRES1_1(1.0),ITC4,JAN,9,Y96,2024,42,
IT1:29_7_DF_DCIS_POPSTRRES1_1(1.0),ITC4,JAN,9,Y96,2025,34,
IT1:29_7_DF_DCIS_POPSTRRES1_1(1.0),ITC4,JAN,9,Y96,2026,48,e
IT1:29_7_DF_DCIS_POPSTRRES1_1(1.0),ITC4,JAN,9,Y97,2019,23,
IT1:29_7_DF_DCIS_POPSTRRES1_1(1.0),ITC4,JAN,9,Y97,2020,24,
IT1:29_7_DF_DCIS_POPSTRRES1_1(1.0),ITC4,JAN,9,Y97,2021,29,
IT1:29_7_DF_DCIS_POPSTRRES1_1(1.0),ITC4,JAN,9,Y97,2022,23,
IT1:29_7_DF_DCIS_POPSTRRES1_1(1.0),ITC4,JAN,9,Y97,2023,21,
IT1:29_7_DF_DCIS_POPSTRRES1_1(1.0),ITC4,JAN,9,Y97,2024,34,
IT1:29_7_DF_DCIS_POPSTRRES1_1(1.0),ITC4,JAN,9,Y97,2025,29,
IT1:29_7_DF_DCIS_POPSTRRES1_1(1.0),ITC4,JAN,9,Y97,2026,23,e
IT1:29_7_DF_DCIS_POPSTRRES1_1(1.0),ITC4,JAN,9,Y98,2019,21,
IT1:29_7_DF_DCIS_POPSTRRES1_1(1.0),ITC4,JAN,9,Y98,2020,18,
IT1:29_7_DF_DCIS_POPSTRRES1_1(1.0),ITC4,JAN,9,Y98,2021,21,
IT1:29_7_DF_DCIS_POPSTRRES1_1(1.0),ITC4,JAN,9,Y98,2022,29,
IT1:29_7_DF_DCIS_POPSTRRES1_1(1.0),ITC4,JAN,9,Y98,2023,17,
IT1:29_7_DF_DCIS_POPSTRRES1_1(1.0),ITC4,JAN,9,Y98,2024,23,
IT1:29_7_DF_DCIS_POPSTRRES1_1(1.0),ITC4,JAN,9,Y98,2025,35,
IT1:29_7_DF_DCIS_POPSTRRES1_1(1.0),ITC4,JAN,9,Y98,2026,21,e
IT1:29_7_DF_DCIS_POPSTRRES1_1(1.0),ITC4,JAN,9,Y99,2019,16,
IT1:29_7_DF_DCIS_POPSTRRES1_1(1.0),ITC4,JAN,9,Y99,2020,15,
IT1:29_7_DF_DCIS_POPSTRRES1_1(1.0),ITC4,JAN,9,Y99,2021,13,
IT1:29_7_DF_DCIS_POPSTRRES1_1(1.0),ITC4,JAN,9,Y99,2022,16,
IT1:29_7_DF_DCIS_POPSTRRES1_1(1.0),ITC4,JAN,9,Y99,2023,23,
IT1:29_7_DF_DCIS_POPSTRRES1_1(1.0),ITC4,JAN,9,Y99,2024,15,
IT1:29_7_DF_DCIS_POPSTRRES1_1(1.0),ITC4,JAN,9,Y99,2025,20,
IT1:29_7_DF_DCIS_POPSTRRES1_1(1.0),ITC4,JAN,9,Y99,2026,24,e
IT1:29_7_DF_DCIS_POPSTRRES1_1(1.0),ITC4,JAN,9,Y_GE100,2019,17,
IT1:29_7_DF_DCIS_POPSTRRES1_1(1.0),ITC4,JAN,9,Y_GE100,2020,24,
IT1:29_7_DF_DCIS_POPSTRRES1_1(1.0),ITC4,JAN,9,Y_GE100,2021,30,
IT1:29_7_DF_DCIS_POPSTRRES1_1(1.0),ITC4,JAN,9,Y_GE100,2022,28,
IT1:29_7_DF_DCIS_POPSTRRES1_1(1.0),ITC4,JAN,9,Y_GE100,2023,34,
IT1:29_7_DF_DCIS_POPSTRRES1_1(1.0),ITC4,JAN,9,Y_GE100,2024,46,
IT1:29_7_DF_DCIS_POPSTRRES1_1(1.0),ITC4,JAN,9,Y_GE100,2025,63,
IT1:29_7_DF_DCIS_POPSTRRES1_1(1.0),ITC4,JAN,9,Y_GE100,2026,63,e
IT1:29_7_DF_DCIS_POPSTRRES1_1(1.0),ITC41,JAN,9,TOTAL,2019,73799,
IT1:29_7_DF_DCIS_POPSTRRES1_1(1.0),ITC41,JAN,9,TOTAL,2020,74159,
IT1:29_7_DF_DCIS_POPSTRRES1_1(1.0),ITC41,JAN,9,TOTAL,2021,74597,
IT1:29_7_DF_DCIS_POPSTRRES1_1(1.0),ITC41,JAN,9,TOTAL,2022,74054,
IT1:29_7_DF_DCIS_POPSTRRES1_1(1.0),ITC41,JAN,9,TOTAL,2023,75035,
IT1:29_7_DF_DCIS_POPSTRRES1_1(1.0),ITC41,JAN,9,TOTAL,2024,76056,
IT1:29_7_DF_DCIS_POPSTRRES1_1(1.0),ITC41,JAN,9,TOTAL,2025,79107,
IT1:29_7_DF_DCIS_POPSTRRES1_1(1.0),ITC41,JAN,9,TOTAL,2026,82266,e
IT1:29_7_DF_DCIS_POPSTRRES1_1(1.0),ITC41,JAN,9,Y0,2019,926,
IT1:29_7_DF_DCIS_POPSTRRES1_1(1.0),ITC41,JAN,9,Y0,2020,941,
IT1:29_7_DF_DCIS_POPSTRRES1_1(1.0),ITC41,JAN,9,Y0,2021,875,
IT1:29_7_DF_DCIS_POPSTRRES1_1(1.0),ITC41,JAN,9,Y0,2022,833,
IT1:29_7_DF_DCIS_POPSTRRES1_1(1.0),ITC41,JAN,9,Y0,2023,823,
IT1:29_7_DF_DCIS_POPSTRRES1_1(1.0),ITC41,JAN,9,Y0,2024,775,
IT1:29_7_DF_DCIS_POPSTRRES1_1(1.0),ITC41,JAN,9,Y0,2025,779,
IT1:29_7_DF_DCIS_POPSTRRES1_1(1.0),ITC41,JAN,9,Y0,2026,793,e
IT1:29_7_DF_DCIS_POPSTRRES1_1(1.0),ITC41,JAN,9,Y1,2019,977,
IT1:29_7_DF_DCIS_POPSTRRES1_1(1.0),ITC41,JAN,9,Y1,2020,914,
IT1:29_7_DF_DCIS_POPSTRRES1_1(1.0),ITC41,JAN,9,Y1,2021,946,
IT1:29_7_DF_DCIS_POPSTRRES1_1(1.0),ITC41,JAN,9,Y1,2022,844,
IT1:29_7_DF_DCIS_POPSTRRES1_1(1.0),ITC41,JAN,9,Y1,2023,817,
IT1:29_7_DF_DCIS_POPSTRRES1_1(1.0),ITC41,JAN,9,Y1,2024,808,
IT1:29_7_DF_DCIS_POPSTRRES1_1(1.0),ITC41,JAN,9,Y1,2025,770,
IT1:29_7_DF_DCIS_POPSTRRES1_1(1.0),ITC41,JAN,9,Y1,2026,776,e
IT1:29_7_DF_DCIS_POPSTRRES1_1(1.0),ITC41,JAN,9,Y10,2019,888,
IT1:29_7_DF_DCIS_POPSTRRES1_1(1.0),ITC41,JAN,9,Y10,2020,993,
IT1:29_7_DF_DCIS_POPSTRRES1_1(1.0),ITC41,JAN,9,Y10,2021,919,
IT1:29_7_DF_DCIS_POPSTRRES1_1(1.0),ITC41,JAN,9,Y10,2022,1000,
IT1:29_7_DF_DCIS_POPSTRRES1_1(1.0),ITC41,JAN,9,Y10,2023,980,
IT1:29_7_DF_DCIS_POPSTRRES1_1(1.0),ITC41,JAN,9,Y10,2024,974,
IT1:29_7_DF_DCIS_POPSTRRES1_1(1.0),ITC41,JAN,9,Y10,2025,1000,
IT1:29_7_DF_DCIS_POPSTRRES1_1(1.0),ITC41,JAN,9,Y10,2026,984,e
IT1:29_7_DF_DCIS_POPSTRRES1_1(1.0),ITC41,JAN,9,Y11,2019,833,
IT1:29_7_DF_DCIS_POPSTRRES1_1(1.0),ITC41,JAN,9,Y11,2020,860,
IT1:29_7_DF_DCIS_POPSTRRES1_1(1.0),ITC41,JAN,9,Y11,2021,943,
IT1:29_7_DF_DCIS_POPSTRRES1_1(1.0),ITC41,JAN,9,Y11,2022,897,
IT1:29_7_DF_DCIS_POPSTRRES1_1(1.0),ITC41,JAN,9,Y11,2023,956,
IT1:29_7_DF_DCIS_POPSTRRES1_1(1.0),ITC41,JAN,9,Y11,2024,974,
IT1:29_7_DF_DCIS_POPSTRRES1_1(1.0),ITC41,JAN,9,Y11,2025,956,
IT1:29_7_DF_DCIS_POPSTRRES1_1(1.0),ITC41,JAN,9,Y11,2026,1008,e
IT1:29_7_DF_DCIS_POPSTRRES1_1(1.0),ITC41,JAN,9,Y12,2019,860,
IT1:29_7_DF_DCIS_POPSTRRES1_1(1.0),ITC41,JAN,9,Y12,2020,809,
IT1:29_7_DF_DCIS_POPSTRRES1_1(1.0),ITC41,JAN,9,Y12,2021,875,
IT1:29_7_DF_DCIS_POPSTRRES1_1(1.0),ITC41,JAN,9,Y12,2022,931,
IT1:29_7_DF_DCIS_POPSTRRES1_1(1.0),ITC41,JAN,9,Y12,2023,842,
IT1:29_7_DF_DCIS_POPSTRRES1_1(1.0),ITC41,JAN,9,Y12,2024,925,
IT1:29_7_DF_DCIS_POPSTRRES1_1(1.0),ITC41,JAN,9,Y12,2025,971,
IT1:29_7_DF_DCIS_POPSTRRES1_1(1.0),ITC41,JAN,9,Y12,2026,963,e
IT1:29_7_DF_DCIS_POPSTRRES1_1(1.0),ITC41,JAN,9,Y13,2019,763,
IT1:29_7_DF_DCIS_POPSTRRES1_1(1.0),ITC41,JAN,9,Y13,2020,850,
IT1:29_7_DF_DCIS_POPSTRRES1_1(1.0),ITC41,JAN,9,Y13,2021,797,
IT1:29_7_DF_DCIS_POPSTRRES1_1(1.0),ITC41,JAN,9,Y13,2022,864,
IT1:29_7_DF_DCIS_POPSTRRES1_1(1.0),ITC41,JAN,9,Y13,2023,905,
IT1:29_7_DF_DCIS_POPSTRRES1_1(1.0),ITC41,JAN,9,Y13,2024,836,
IT1:29_7_DF_DCIS_POPSTRRES1_1(1.0),ITC41,JAN,9,Y13,2025,928,
IT1:29_7_DF_DCIS_POPSTRRES1_1(1.0),ITC41,JAN,9,Y13,2026,984,e
IT1:29_7_DF_DCIS_POPSTRRES1_1(1.0),ITC41,JAN,9,Y14,2019,770,
IT1:29_7_DF_DCIS_POPSTRRES1_1(1.0),ITC41,JAN,9,Y14,2020,751,
IT1:29_7_DF_DCIS_POPSTRRES1_1(1.0),ITC41,JAN,9,Y14,2021,861,
IT1:29_7_DF_DCIS_POPSTRRES1_1(1.0),ITC41,JAN,9,Y14,2022,802,
IT1:29_7_DF_DCIS_POPSTRRES1_1(1.0),ITC41,JAN,9,Y14,2023,834,
IT1:29_7_DF_DCIS_POPSTRRES1_1(1.0),ITC41,JAN,9,Y14,2024,902,
IT1:29_7_DF_DCIS_POPSTRRES1_1(1.0),ITC41,JAN,9,Y14,2025,840,
IT1:29_7_DF_DCIS_POPSTRRES1_1(1.0),ITC41,JAN,9,Y14,2026,941,e
IT1:29_7_DF_DCIS_POPSTRRES1_1(1.0),ITC41,JAN,9,Y15,2019,654,
IT1:29_7_DF_DCIS_POPSTRRES1_1(1.0),ITC41,JAN,9,Y15,2020,787,
IT1:29_7_DF_DCIS_POPSTRRES1_1(1.0),ITC41,JAN,9,Y15,2021,745,
IT1:29_7_DF_DCIS_POPSTRRES1_1(1.0),ITC41,JAN,9,Y15,2022,861,
IT1:29_7_DF_DCIS_POPSTRRES1_1(1.0),ITC41,JAN,9,Y15,2023,781,
IT1:29_7_DF_DCIS_POPSTRRES1_1(1.0),ITC41,JAN,9,Y15,2024,847,
IT1:29_7_DF_DCIS_POPSTRRES1_1(1.0),ITC41,JAN,9,Y15,2025,920,
IT1:29_7_DF_DCIS_POPSTRRES1_1(1.0),ITC41,JAN,9,Y15,2026,868,e
IT1:29_7_DF_DCIS_POPSTRRES1_1(1.0),ITC41,JAN,9,Y16,2019,623,
IT1:29_7_DF_DCIS_POPSTRRES1_1(1.0),ITC41,JAN,9,Y16,2020,651,
IT1:29_7_DF_DCIS_POPSTRRES1_1(1.0),ITC41,JAN,9,Y16,2021,792,
IT1:29_7_DF_DCIS_POPSTRRES1_1(1.0),ITC41,JAN,9,Y16,2022,751,
IT1:29_7_DF_DCIS_POPSTRRES1_1(1.0),ITC41,JAN,9,Y16,2023,844,
IT1:29_7_DF_DCIS_POPSTRRES1_1(1.0),ITC41,JAN,9,Y16,2024,768,
IT1:29_7_DF_DCIS_POPSTRRES1_1(1.0),ITC41,JAN,9,Y16,2025,897,
IT1:29_7_DF_DCIS_POPSTRRES1_1(1.0),ITC41,JAN,9,Y16,2026,962,e
IT1:29_7_DF_DCIS_POPSTRRES1_1(1.0),ITC41,JAN,9,Y17,2019,682,
IT1:29_7_DF_DCIS_POPSTRRES1_1(1.0),ITC41,JAN,9,Y17,2020,617,
IT1:29_7_DF_DCIS_POPSTRRES1_1(1.0),ITC41,JAN,9,Y17,2021,646,
IT1:29_7_DF_DCIS_POPSTRRES1_1(1.0),ITC41,JAN,9,Y17,2022,788,
IT1:29_7_DF_DCIS_POPSTRRES1_1(1.0),ITC41,JAN,9,Y17,2023,750,
IT1:29_7_DF_DCIS_POPSTRRES1_1(1.0),ITC41,JAN,9,Y17,2024,865,
IT1:29_7_DF_DCIS_POPSTRRES1_1(1.0),ITC41,JAN,9,Y17,2025,804,
IT1:29_7_DF_DCIS_POPSTRRES1_1(1.0),ITC41,JAN,9,Y17,2026,924,e
IT1:29_7_DF_DCIS_POPSTRRES1_1(1.0),ITC41,JAN,9,Y18,2019,656,
IT1:29_7_DF_DCIS_POPSTRRES1_1(1.0),ITC41,JAN,9,Y18,2020,631,
IT1:29_7_DF_DCIS_POPSTRRES1_1(1.0),ITC41,JAN,9,Y18,2021,531,
IT1:29_7_DF_DCIS_POPSTRRES1_1(1.0),ITC41,JAN,9,Y18,2022,530,
IT1:29_7_DF_DCIS_POPSTRRES1_1(1.0),ITC41,JAN,9,Y18,2023,670,
IT1:29_7_DF_DCIS_POPSTRRES1_1(1.0),ITC41,JAN,9,Y18,2024,617,
IT1:29_7_DF_DCIS_POPSTRRES1_1(1.0),ITC41,JAN,9,Y18,2025,751,
IT1:29_7_DF_DCIS_POPSTRRES1_1(1.0),ITC41,JAN,9,Y18,2026,857,e
IT1:29_7_DF_DCIS_POPSTRRES1_1(1.0),ITC41,JAN,9,Y19,2019,677,
IT1:29_7_DF_DCIS_POPSTRRES1_1(1.0),ITC41,JAN,9,Y19,2020,643,
IT1:29_7_DF_DCIS_POPSTRRES1_1(1.0),ITC41,JAN,9,Y19,2021,584,
IT1:29_7_DF_DCIS_POPSTRRES1_1(1.0),ITC41,JAN,9,Y19,2022,482,
IT1:29_7_DF_DCIS_POPSTRRES1_1(1.0),ITC41,JAN,9,Y19,2023,533,
IT1:29_7_DF_DCIS_POPSTRRES1_1(1.0),ITC41,JAN,9,Y19,2024,662,
IT1:29_7_DF_DCIS_POPSTRRES1_1(1.0),ITC41,JAN,9,Y19,2025,662,
IT1:29_7_DF_DCIS_POPSTRRES1_1(1.0),ITC41,JAN,9,Y19,2026,851,e
IT1:29_7_DF_DCIS_POPSTRRES1_1(1.0),ITC41,JAN,9,Y2,2019,985,
IT1:29_7_DF_DCIS_POPSTRRES1_1(1.0),ITC41,JAN,9,Y2,2020,946,
IT1:29_7_DF_DCIS_POPSTRRES1_1(1.0),ITC41,JAN,9,Y2,2021,944,
IT1:29_7_DF_DCIS_POPSTRRES1_1(1.0),ITC41,JAN,9,Y2,2022,953,
IT1:29_7_DF_DCIS_POPSTRRES1_1(1.0),ITC41,JAN,9,Y2,2023,834,
IT1:29_7_DF_DCIS_POPSTRRES1_1(1.0),ITC41,JAN,9,Y2,2024,818,
IT1:29_7_DF_DCIS_POPSTRRES1_1(1.0),ITC41,JAN,9,Y2,2025,821,
IT1:29_7_DF_DCIS_POPSTRRES1_1(1.0),ITC41,JAN,9,Y2,2026,793,e
IT1:29_7_DF_DCIS_POPSTRRES1_1(1.0),ITC41,JAN,9,Y20,2019,836,
IT1:29_7_DF_DCIS_POPSTRRES1_1(1.0),ITC41,JAN,9,Y20,2020,719,
IT1:29_7_DF_DCIS_POPSTRRES1_1(1.0),ITC41,JAN,9,Y20,2021,673,
IT1:29_7_DF_DCIS_POPSTRRES1_1(1.0),ITC41,JAN,9,Y20,2022,628,
IT1:29_7_DF_DCIS_POPSTRRES1_1(1.0),ITC41,JAN,9,Y20,2023,562,
IT1:29_7_DF_DCIS_POPSTRRES1_1(1.0),ITC41,JAN,9,Y20,2024,619,
IT1:29_7_DF_DCIS_POPSTRRES1_1(1.0),ITC41,JAN,9,Y20,2025,793,
IT1:29_7_DF_DCIS_POPSTRRES1_1(1.0),ITC41,JAN,9,Y20,2026,744,e
IT1:29_7_DF_DCIS_POPSTRRES1_1(1.0),ITC41,JAN,9,Y21,2019,923,
IT1:29_7_DF_DCIS_POPSTRRES1_1(1.0),ITC41,JAN,9,Y21,2020,831,
IT1:29_7_DF_DCIS_POPSTRRES1_1(1.0),ITC41,JAN,9,Y21,2021,756,
IT1:29_7_DF_DCIS_POPSTRRES1_1(1.0),ITC41,JAN,9,Y21,2022,676,
IT1:29_7_DF_DCIS_POPSTRRES1_1(1.0),ITC41,JAN,9,Y21,2023,699,
IT1:29_7_DF_DCIS_POPSTRRES1_1(1.0),ITC41,JAN,9,Y21,2024,623,
IT1:29_7_DF_DCIS_POPSTRRES1_1(1.0),ITC41,JAN,9,Y21,2025,757,
IT1:29_7_DF_DCIS_POPSTRRES1_1(1.0),ITC41,JAN,9,Y21,2026,909,e
IT1:29_7_DF_DCIS_POPSTRRES1_1(1.0),ITC41,JAN,9,Y22,2019,967,
IT1:29_7_DF_DCIS_POPSTRRES1_1(1.0),ITC41,JAN,9,Y22,2020,926,
IT1:29_7_DF_DCIS_POPSTRRES1_1(1.0),ITC41,JAN,9,Y22,2021,834,
IT1:29_7_DF_DCIS_POPSTRRES1_1(1.0),ITC41,JAN,9,Y22,2022,770,
IT1:29_7_DF_DCIS_POPSTRRES1_1(1.0),ITC41,JAN,9,Y22,2023,747,
IT1:29_7_DF_DCIS_POPSTRRES1_1(1.0),ITC41,JAN,9,Y22,2024,769,
IT1:29_7_DF_DCIS_POPSTRRES1_1(1.0),ITC41,JAN,9,Y22,2025,755,
IT1:29_7_DF_DCIS_POPSTRRES1_1(1.0),ITC41,JAN,9,Y22,2026,876,e
IT1:29_7_DF_DCIS_POPSTRRES1_1(1.0),ITC41,JAN,9,Y23,2019,877,
IT1:29_7_DF_DCIS_POPSTRRES1_1(1.0),ITC41,JAN,9,Y23,2020,962,
IT1:29_7_DF_DCIS_POPSTRRES1_1(1.0),ITC41,JAN,9,Y23,2021,922,
IT1:29_7_DF_DCIS_POPSTRRES1_1(1.0),ITC41,JAN,9,Y23,2022,858,
IT1:29_7_DF_DCIS_POPSTRRES1_1(1.0),ITC41,JAN,9,Y23,2023,826,
IT1:29_7_DF_DCIS_POPSTRRES1_1(1.0),ITC41,JAN,9,Y23,2024,837,
IT1:29_7_DF_DCIS_POPSTRRES1_1(1.0),ITC41,JAN,9,Y23,2025,883,
IT1:29_7_DF_DCIS_POPSTRRES1_1(1.0),ITC41,JAN,9,Y23,2026,912,e
IT1:29_7_DF_DCIS_POPSTRRES1_1(1.0),ITC41,JAN,9,Y24,2019,1044,
IT1:29_7_DF_DCIS_POPSTRRES1_1(1.0),ITC41,JAN,9,Y24,2020,892,
IT1:29_7_DF_DCIS_POPSTRRES1_1(1.0),ITC41,JAN,9,Y24,2021,976,
IT1:29_7_DF_DCIS_POPSTRRES1_1(1.0),ITC41,JAN,9,Y24,2022,940,
IT1:29_7_DF_DCIS_POPSTRRES1_1(1.0),ITC41,JAN,9,Y24,2023,935,
IT1:29_7_DF_DCIS_POPSTRRES1_1(1.0),ITC41,JAN,9,Y24,2024,889,
IT1:29_7_DF_DCIS_POPSTRRES1_1(1.0),ITC41,JAN,9,Y24,2025,983,
IT1:29_7_DF_DCIS_POPSTRRES1_1(1.0),ITC41,JAN,9,Y24,2026,1034,e
IT1:29_7_DF_DCIS_POPSTRRES1_1(1.0),ITC41,JAN,9,Y25,2019,1028,
IT1:29_7_DF_DCIS_POPSTRRES1_1(1.0),ITC41,JAN,9,Y25,2020,1052,
IT1:29_7_DF_DCIS_POPSTRRES1_1(1.0),ITC41,JAN,9,Y25,2021,954,
IT1:29_7_DF_DCIS_POPSTRRES1_1(1.0),ITC41,JAN,9,Y25,2022,990,
IT1:29_7_DF_DCIS_POPSTRRES1_1(1.0),ITC41,JAN,9,Y25,2023,1009,
IT1:29_7_DF_DCIS_POPSTRRES1_1(1.0),ITC41,JAN,9,Y25,2024,1058,
IT1:29_7_DF_DCIS_POPSTRRES1_1(1.0),ITC41,JAN,9,Y25,2025,1053,
IT1:29_7_DF_DCIS_POPSTRRES1_1(1.0),ITC41,JAN,9,Y25,2026,1130,e
IT1:29_7_DF_DCIS_POPSTRRES1_1(1.0),ITC41,JAN,9,Y26,2019,1121,
IT1:29_7_DF_DCIS_POPSTRRES1_1(1.0),ITC41,JAN,9,Y26,2020,1067,
IT1:29_7_DF_DCIS_POPSTRRES1_1(1.0),ITC41,JAN,9,Y26,2021,1090,
IT1:29_7_DF_DCIS_POPSTRRES1_1(1.0),ITC41,JAN,9,Y26,2022,995,
IT1:29_7_DF_DCIS_POPSTRRES1_1(1.0),ITC41,JAN,9,Y26,2023,1051,
IT1:29_7_DF_DCIS_POPSTRRES1_1(1.0),ITC41,JAN,9,Y26,2024,1109,
IT1:29_7_DF_DCIS_POPSTRRES1_1(1.0),ITC41,JAN,9,Y26,2025,1196,
IT1:29_7_DF_DCIS_POPSTRRES1_1(1.0),ITC41,JAN,9,Y26,2026,1188,e
IT1:29_7_DF_DCIS_POPSTRRES1_1(1.0),ITC41,JAN,9,Y27,2019,1071,
IT1:29_7_DF_DCIS_POPSTRRES1_1(1.0),ITC41,JAN,9,Y27,2020,1158,
IT1:29_7_DF_DCIS_POPSTRRES1_1(1.0),ITC41,JAN,9,Y27,2021,1117,
IT1:29_7_DF_DCIS_POPSTRRES1_1(1.0),ITC41,JAN,9,Y27,2022,1135,
IT1:29_7_DF_DCIS_POPSTRRES1_1(1.0),ITC41,JAN,9,Y27,2023,1080,
IT1:29_7_DF_DCIS_POPSTRRES1_1(1.0),ITC41,JAN,9,Y27,2024,1140,
IT1:29_7_DF_DCIS_POPSTRRES1_1(1.0),ITC41,JAN,9,Y27,2025,1220,
IT1:29_7_DF_DCIS_POPSTRRES1_1(1.0),ITC41,JAN,9,Y27,2026,1358,e
IT1:29_7_DF_DCIS_POPSTRRES1_1(1.0),ITC41,JAN,9,Y28,2019,1286,
IT1:29_7_DF_DCIS_POPSTRRES1_1(1.0),ITC41,JAN,9,Y28,2020,1121,
IT1:29_7_DF_DCIS_POPSTRRES1_1(1.0),ITC41,JAN,9,Y28,2021,1190,
IT1:29_7_DF_DCIS_POPSTRRES1_1(1.0),ITC41,JAN,9,Y28,2022,1153,
IT1:29_7_DF_DCIS_POPSTRRES1_1(1.0),ITC41,JAN,9,Y28,2023,1234,
IT1:29_7_DF_DCIS_POPSTRRES1_1(1.0),ITC41,JAN,9,Y28,2024,1184,
IT1:29_7_DF_DCIS_POPSTRRES1_1(1.0),ITC41,JAN,9,Y28,2025,1257,
IT1:29_7_DF_DCIS_POPSTRRES1_1(1.0),ITC41,JAN,9,Y28,2026,1383,e
IT1:29_7_DF_DCIS_POPSTRRES1_1(1.0),ITC41,JAN,9,Y29,2019,1369,
IT1:29_7_DF_DCIS_POPSTRRES1_1(1.0),ITC41,JAN,9,Y29,2020,1320,
IT1:29_7_DF_DCIS_POPSTRRES1_1(1.0),ITC41,JAN,9,Y29,2021,1192,
IT1:29_7_DF_DCIS_POPSTRRES1_1(1.0),ITC41,JAN,9,Y29,2022,1212,
IT1:29_7_DF_DCIS_POPSTRRES1_1(1.0),ITC41,JAN,9,Y29,2023,1210,
IT1:29_7_DF_DCIS_POPSTRRES1_1(1.0),ITC41,JAN,9,Y29,2024,1321,
IT1:29_7_DF_DCIS_POPSTRRES1_1(1.0),ITC41,JAN,9,Y29,2025,1347,
IT1:29_7_DF_DCIS_POPSTRRES1_1(1.0),ITC41,JAN,9,Y29,2026,1419,e
IT1:29_7_DF_DCIS_POPSTRRES1_1(1.0),ITC41,JAN,9,Y3,2019,1070,
IT1:29_7_DF_DCIS_POPSTRRES1_1(1.0),ITC41,JAN,9,Y3,2020,966,
IT1:29_7_DF_DCIS_POPSTRRES1_1(1.0),ITC41,JAN,9,Y3,2021,989,
IT1:29_7_DF_DCIS_POPSTRRES1_1(1.0),ITC41,JAN,9,Y3,2022,974,
IT1:29_7_DF_DCIS_POPSTRRES1_1(1.0),ITC41,JAN,9,Y3,2023,926,
IT1:29_7_DF_DCIS_POPSTRRES1_1(1.0),ITC41,JAN,9,Y3,2024,833,
IT1:29_7_DF_DCIS_POPSTRRES1_1(1.0),ITC41,JAN,9,Y3,2025,825,
IT1:29_7_DF_DCIS_POPSTRRES1_1(1.0),ITC41,JAN,9,Y3,2026,840,e
IT1:29_7_DF_DCIS_POPSTRRES1_1(1.0),ITC41,JAN,9,Y30,2019,1466,
IT1:29_7_DF_DCIS_POPSTRRES1_1(1.0),ITC41,JAN,9,Y30,2020,1375,
IT1:29_7_DF_DCIS_POPSTRRES1_1(1.0),ITC41,JAN,9,Y30,2021,1349,
IT1:29_7_DF_DCIS_POPSTRRES1_1(1.0),ITC41,JAN,9,Y30,2022,1227,
IT1:29_7_DF_DCIS_POPSTRRES1_1(1.0),ITC41,JAN,9,Y30,2023,1293,
IT1:29_7_DF_DCIS_POPSTRRES1_1(1.0),ITC41,JAN,9,Y30,2024,1279,
IT1:29_7_DF_DCIS_POPSTRRES1_1(1.0),ITC41,JAN,9,Y30,2025,1420,
IT1:29_7_DF_DCIS_POPSTRRES1_1(1.0),ITC41,JAN,9,Y30,2026,1514,e
IT1:29_7_DF_DCIS_POPSTRRES1_1(1.0),ITC41,JAN,9,Y31,2019,1533,
IT1:29_7_DF_DCIS_POPSTRRES1_1(1.0),ITC41,JAN,9,Y31,2020,1450,
IT1:29_7_DF_DCIS_POPSTRRES1_1(1.0),ITC41,JAN,9,Y31,2021,1379,
IT1:29_7_DF_DCIS_POPSTRRES1_1(1.0),ITC41,JAN,9,Y31,2022,1377,
IT1:29_7_DF_DCIS_POPSTRRES1_1(1.0),ITC41,JAN,9,Y31,2023,1285,
IT1:29_7_DF_DCIS_POPSTRRES1_1(1.0),ITC41,JAN,9,Y31,2024,1360,
IT1:29_7_DF_DCIS_POPSTRRES1_1(1.0),ITC41,JAN,9,Y31,2025,1383,
IT1:29_7_DF_DCIS_POPSTRRES1_1(1.0),ITC41,JAN,9,Y31,2026,1537,e
IT1:29_7_DF_DCIS_POPSTRRES1_1(1.0),ITC41,JAN,9,Y32,2019,1619,
IT1:29_7_DF_DCIS_POPSTRRES1_1(1.0),ITC41,JAN,9,Y32,2020,1572,
IT1:29_7_DF_DCIS_POPSTRRES1_1(1.0),ITC41,JAN,9,Y32,2021,1448,
IT1:29_7_DF_DCIS_POPSTRRES1_1(1.0),ITC41,JAN,9,Y32,2022,1407,
IT1:29_7_DF_DCIS_POPSTRRES1_1(1.0),ITC41,JAN,9,Y32,2023,1396,
IT1:29_7_DF_DCIS_POPSTRRES1_1(1.0),ITC41,JAN,9,Y32,2024,1336,
IT1:29_7_DF_DCIS_POPSTRRES1_1(1.0),ITC41,JAN,9,Y32,2025,1441,
IT1:29_7_DF_DCIS_POPSTRRES1_1(1.0),ITC41,JAN,9,Y32,2026,1525,e
IT1:29_7_DF_DCIS_POPSTRRES1_1(1.0),ITC41,JAN,9,Y33,2019,1557,
IT1:29_7_DF_DCIS_POPSTRRES1_1(1.0),ITC41,JAN,9,Y33,2020,1629,
IT1:29_7_DF_DCIS_POPSTRRES1_1(1.0),ITC41,JAN,9,Y33,2021,1578,
IT1:29_7_DF_DCIS_POPSTRRES1_1(1.0),ITC41,JAN,9,Y33,2022,1497,
IT1:29_7_DF_DCIS_POPSTRRES1_1(1.0),ITC41,JAN,9,Y33,2023,1466,
IT1:29_7_DF_DCIS_POPSTRRES1_1(1.0),ITC41,JAN,9,Y33,2024,1438,
IT1:29_7_DF_DCIS_POPSTRRES1_1(1.0),ITC41,JAN,9,Y33,2025,1437,
IT1:29_7_DF_DCIS_POPSTRRES1_1(1.0),ITC41,JAN,9,Y33,2026,1549,e
IT1:29_7_DF_DCIS_POPSTRRES1_1(1.0),ITC41,JAN,9,Y34,2019,1541,
IT1:29_7_DF_DCIS_POPSTRRES1_1(1.0),ITC41,JAN,9,Y34,2020,1600,
IT1:29_7_DF_DCIS_POPSTRRES1_1(1.0),ITC41,JAN,9,Y34,2021,1650,
IT1:29_7_DF_DCIS_POPSTRRES1_1(1.0),ITC41,JAN,9,Y34,2022,1567,
IT1:29_7_DF_DCIS_POPSTRRES1_1(1.0),ITC41,JAN,9,Y34,2023,1545,
IT1:29_7_DF_DCIS_POPSTRRES1_1(1.0),ITC41,JAN,9,Y34,2024,1490,
IT1:29_7_DF_DCIS_POPSTRRES1_1(1.0),ITC41,JAN,9,Y34,2025,1545,
IT1:29_7_DF_DCIS_POPSTRRES1_1(1.0),ITC41,JAN,9,Y34,2026,1544,e
IT1:29_7_DF_DCIS_POPSTRRES1_1(1.0),ITC41,JAN,9,Y35,2019,1645,
IT1:29_7_DF_DCIS_POPSTRRES1_1(1.0),ITC41,JAN,9,Y35,2020,1538,
IT1:29_7_DF_DCIS_POPSTRRES1_1(1.0),ITC41,JAN,9,Y35,2021,1589,
IT1:29_7_DF_DCIS_POPSTRRES1_1(1.0),ITC41,JAN,9,Y35,2022,1612,
IT1:29_7_DF_DCIS_POPSTRRES1_1(1.0),ITC41,JAN,9,Y35,2023,1585,
IT1:29_7_DF_DCIS_POPSTRRES1_1(1.0),ITC41,JAN,9,Y35,2024,1590,
IT1:29_7_DF_DCIS_POPSTRRES1_1(1.0),ITC41,JAN,9,Y35,2025,1581,
IT1:29_7_DF_DCIS_POPSTRRES1_1(1.0),ITC41,JAN,9,Y35,2026,1641,e
IT1:29_7_DF_DCIS_POPSTRRES1_1(1.0),ITC41,JAN,9,Y36,2019,1658,
IT1:29_7_DF_DCIS_POPSTRRES1_1(1.0),ITC41,JAN,9,Y36,2020,1618,
IT1:29_7_DF_DCIS_POPSTRRES1_1(1.0),ITC41,JAN,9,Y36,2021,1549,
IT1:29_7_DF_DCIS_POPSTRRES1_1(1.0),ITC41,JAN,9,Y36,2022,1586,
IT1:29_7_DF_DCIS_POPSTRRES1_1(1.0),ITC41,JAN,9,Y36,2023,1626,
IT1:29_7_DF_DCIS_POPSTRRES1_1(1.0),ITC41,JAN,9,Y36,2024,1641,
IT1:29_7_DF_DCIS_POPSTRRES1_1(1.0),ITC41,JAN,9,Y36,2025,1692,
IT1:29_7_DF_DCIS_POPSTRRES1_1(1.0),ITC41,JAN,9,Y36,2026,1623,e
IT1:29_7_DF_DCIS_POPSTRRES1_1(1.0),ITC41,JAN,9,Y37,2019,1618,
IT1:29_7_DF_DCIS_POPSTRRES1_1(1.0),ITC41,JAN,9,Y37,2020,1651,
IT1:29_7_DF_DCIS_POPSTRRES1_1(1.0),ITC41,JAN,9,Y37,2021,1608,
IT1:29_7_DF_DCIS_POPSTRRES1_1(1.0),ITC41,JAN,9,Y37,2022,1532,
IT1:29_7_DF_DCIS_POPSTRRES1_1(1.0),ITC41,JAN,9,Y37,2023,1601,
IT1:29_7_DF_DCIS_POPSTRRES1_1(1.0),ITC41,JAN,9,Y37,2024,1644,
IT1:29_7_DF_DCIS_POPSTRRES1_1(1.0),ITC41,JAN,9,Y37,2025,1683,
IT1:29_7_DF_DCIS_POPSTRRES1_1(1.0),ITC41,JAN,9,Y37,2026,1758,e
IT1:29_7_DF_DCIS_POPSTRRES1_1(1.0),ITC41,JAN,9,Y38,2019,1722,
IT1:29_7_DF_DCIS_POPSTRRES1_1(1.0),ITC41,JAN,9,Y38,2020,1660,
IT1:29_7_DF_DCIS_POPSTRRES1_1(1.0),ITC41,JAN,9,Y38,2021,1646,
IT1:29_7_DF_DCIS_POPSTRRES1_1(1.0),ITC41,JAN,9,Y38,2022,1593,
IT1:29_7_DF_DCIS_POPSTRRES1_1(1.0),ITC41,JAN,9,Y38,2023,1572,
IT1:29_7_DF_DCIS_POPSTRRES1_1(1.0),ITC41,JAN,9,Y38,2024,1612,
IT1:29_7_DF_DCIS_POPSTRRES1_1(1.0),ITC41,JAN,9,Y38,2025,1672,
IT1:29_7_DF_DCIS_POPSTRRES1_1(1.0),ITC41,JAN,9,Y38,2026,1758,e
IT1:29_7_DF_DCIS_POPSTRRES1_1(1.0),ITC41,JAN,9,Y39,2019,1718,
IT1:29_7_DF_DCIS_POPSTRRES1_1(1.0),ITC41,JAN,9,Y39,2020,1678,
IT1:29_7_DF_DCIS_POPSTRRES1_1(1.0),ITC41,JAN,9,Y39,2021,1661,
IT1:29_7_DF_DCIS_POPSTRRES1_1(1.0),ITC41,JAN,9,Y39,2022,1622,
IT1:29_7_DF_DCIS_POPSTRRES1_1(1.0),ITC41,JAN,9,Y39,2023,1553,
IT1:29_7_DF_DCIS_POPSTRRES1_1(1.0),ITC41,JAN,9,Y39,2024,1578,
IT1:29_7_DF_DCIS_POPSTRRES1_1(1.0),ITC41,JAN,9,Y39,2025,1646,
IT1:29_7_DF_DCIS_POPSTRRES1_1(1.0),ITC41,JAN,9,Y39,2026,1736,e
IT1:29_7_DF_DCIS_POPSTRRES1_1(1.0),ITC41,JAN,9,Y4,2019,1015,
IT1:29_7_DF_DCIS_POPSTRRES1_1(1.0),ITC41,JAN,9,Y4,2020,1060,
IT1:29_7_DF_DCIS_POPSTRRES1_1(1.0),ITC41,JAN,9,Y4,2021,992,
IT1:29_7_DF_DCIS_POPSTRRES1_1(1.0),ITC41,JAN,9,Y4,2022,955,
IT1:29_7_DF_DCIS_POPSTRRES1_1(1.0),ITC41,JAN,9,Y4,2023,948,
IT1:29_7_DF_DCIS_POPSTRRES1_1(1.0),ITC41,JAN,9,Y4,2024,924,
IT1:29_7_DF_DCIS_POPSTRRES1_1(1.0),ITC41,JAN,9,Y4,2025,833,
IT1:29_7_DF_DCIS_POPSTRRES1_1(1.0),ITC41,JAN,9,Y4,2026,842,e
IT1:29_7_DF_DCIS_POPSTRRES1_1(1.0),ITC41,JAN,9,Y40,2019,1657,
IT1:29_7_DF_DCIS_POPSTRRES1_1(1.0),ITC41,JAN,9,Y40,2020,1696,
IT1:29_7_DF_DCIS_POPSTRRES1_1(1.0),ITC41,JAN,9,Y40,2021,1665,
IT1:29_7_DF_DCIS_POPSTRRES1_1(1.0),ITC41,JAN,9,Y40,2022,1634,
IT1:29_7_DF_DCIS_POPSTRRES1_1(1.0),ITC41,JAN,9,Y40,2023,1614,
IT1:29_7_DF_DCIS_POPSTRRES1_1(1.0),ITC41,JAN,9,Y40,2024,1581,
IT1:29_7_DF_DCIS_POPSTRRES1_1(1.0),ITC41,JAN,9,Y40,2025,1662,
IT1:29_7_DF_DCIS_POPSTRRES1_1(1.0),ITC41,JAN,9,Y40,2026,1682,e
IT1:29_7_DF_DCIS_POPSTRRES1_1(1.0),ITC41,JAN,9,Y41,2019,1621,
IT1:29_7_DF_DCIS_POPSTRRES1_1(1.0),ITC41,JAN,9,Y41,2020,1646,
IT1:29_7_DF_DCIS_POPSTRRES1_1(1.0),ITC41,JAN,9,Y41,2021,1667,
IT1:29_7_DF_DCIS_POPSTRRES1_1(1.0),ITC41,JAN,9,Y41,2022,1640,
IT1:29_7_DF_DCIS_POPSTRRES1_1(1.0),ITC41,JAN,9,Y41,2023,1598,
IT1:29_7_DF_DCIS_POPSTRRES1_1(1.0),ITC41,JAN,9,Y41,2024,1609,
IT1:29_7_DF_DCIS_POPSTRRES1_1(1.0),ITC41,JAN,9,Y41,2025,1613,
IT1:29_7_DF_DCIS_POPSTRRES1_1(1.0),ITC41,JAN,9,Y41,2026,1711,e
IT1:29_7_DF_DCIS_POPSTRRES1_1(1.0),ITC41,JAN,9,Y42,2019,1520,
IT1:29_7_DF_DCIS_POPSTRRES1_1(1.0),ITC41,JAN,9,Y42,2020,1596,
IT1:29_7_DF_DCIS_POPSTRRES1_1(1.0),ITC41,JAN,9,Y42,2021,1652,
IT1:29_7_DF_DCIS_POPSTRRES1_1(1.0),ITC41,JAN,9,Y42,2022,1616,
IT1:29_7_DF_DCIS_POPSTRRES1_1(1.0),ITC41,JAN,9,Y42,2023,1634,
IT1:29_7_DF_DCIS_POPSTRRES1_1(1.0),ITC41,JAN,9,Y42,2024,1566,
IT1:29_7_DF_DCIS_POPSTRRES1_1(1.0),ITC41,JAN,9,Y42,2025,1649,
IT1:29_7_DF_DCIS_POPSTRRES1_1(1.0),ITC41,JAN,9,Y42,2026,1655,e
IT1:29_7_DF_DCIS_POPSTRRES1_1(1.0),ITC41,JAN,9,Y43,2019,1501,
IT1:29_7_DF_DCIS_POPSTRRES1_1(1.0),ITC41,JAN,9,Y43,2020,1498,
IT1:29_7_DF_DCIS_POPSTRRES1_1(1.0),ITC41,JAN,9,Y43,2021,1575,
IT1:29_7_DF_DCIS_POPSTRRES1_1(1.0),ITC41,JAN,9,Y43,2022,1546,
IT1:29_7_DF_DCIS_POPSTRRES1_1(1.0),ITC41,JAN,9,Y43,2023,1578,
IT1:29_7_DF_DCIS_POPSTRRES1_1(1.0),ITC41,JAN,9,Y43,2024,1592,
IT1:29_7_DF_DCIS_POPSTRRES1_1(1.0),ITC41,JAN,9,Y43,2025,1553,
IT1:29_7_DF_DCIS_POPSTRRES1_1(1.0),ITC41,JAN,9,Y43,2026,1666,e
IT1:29_7_DF_DCIS_POPSTRRES1_1(1.0),ITC41,JAN,9,Y44,2019,1408,
IT1:29_7_DF_DCIS_POPSTRRES1_1(1.0),ITC41,JAN,9,Y44,2020,1477,
IT1:29_7_DF_DCIS_POPSTRRES1_1(1.0),ITC41,JAN,9,Y44,2021,1468,
IT1:29_7_DF_DCIS_POPSTRRES1_1(1.0),ITC41,JAN,9,Y44,2022,1545,
IT1:29_7_DF_DCIS_POPSTRRES1_1(1.0),ITC41,JAN,9,Y44,2023,1513,
IT1:29_7_DF_DCIS_POPSTRRES1_1(1.0),ITC41,JAN,9,Y44,2024,1569,
IT1:29_7_DF_DCIS_POPSTRRES1_1(1.0),ITC41,JAN,9,Y44,2025,1611,
IT1:29_7_DF_DCIS_POPSTRRES1_1(1.0),ITC41,JAN,9,Y44,2026,1551,e
IT1:29_7_DF_DCIS_POPSTRRES1_1(1.0),ITC41,JAN,9,Y45,2019,1293,
IT1:29_7_DF_DCIS_POPSTRRES1_1(1.0),ITC41,JAN,9,Y45,2020,1366,
IT1:29_7_DF_DCIS_POPSTRRES1_1(1.0),ITC41,JAN,9,Y45,2021,1512,
IT1:29_7_DF_DCIS_POPSTRRES1_1(1.0),ITC41,JAN,9,Y45,2022,1444,
IT1:29_7_DF_DCIS_POPSTRRES1_1(1.0),ITC41,JAN,9,Y45,2023,1485,
IT1:29_7_DF_DCIS_POPSTRRES1_1(1.0),ITC41,JAN,9,Y45,2024,1486,
IT1:29_7_DF_DCIS_POPSTRRES1_1(1.0),ITC41,JAN,9,Y45,2025,1551,
IT1:29_7_DF_DCIS_POPSTRRES1_1(1.0),ITC41,JAN,9,Y45,2026,1631,e
IT1:29_7_DF_DCIS_POPSTRRES1_1(1.0),ITC41,JAN,9,Y46,2019,1323,
IT1:29_7_DF_DCIS_POPSTRRES1_1(1.0),ITC41,JAN,9,Y46,2020,1285,
IT1:29_7_DF_DCIS_POPSTRRES1_1(1.0),ITC41,JAN,9,Y46,2021,1351,
IT1:29_7_DF_DCIS_POPSTRRES1_1(1.0),ITC41,JAN,9,Y46,2022,1477,
IT1:29_7_DF_DCIS_POPSTRRES1_1(1.0),ITC41,JAN,9,Y46,2023,1435,
IT1:29_7_DF_DCIS_POPSTRRES1_1(1.0),ITC41,JAN,9,Y46,2024,1464,
IT1:29_7_DF_DCIS_POPSTRRES1_1(1.0),ITC41,JAN,9,Y46,2025,1500,
IT1:29_7_DF_DCIS_POPSTRRES1_1(1.0),ITC41,JAN,9,Y46,2026,1535,e
IT1:29_7_DF_DCIS_POPSTRRES1_1(1.0),ITC41,JAN,9,Y47,2019,1258,
IT1:29_7_DF_DCIS_POPSTRRES1_1(1.0),ITC41,JAN,9,Y47,2020,1294,
IT1:29_7_DF_DCIS_POPSTRRES1_1(1.0),ITC41,JAN,9,Y47,2021,1266,
IT1:29_7_DF_DCIS_POPSTRRES1_1(1.0),ITC41,JAN,9,Y47,2022,1316,
IT1:29_7_DF_DCIS_POPSTRRES1_1(1.0),ITC41,JAN,9,Y47,2023,1462,
IT1:29_7_DF_DCIS_POPSTRRES1_1(1.0),ITC41,JAN,9,Y47,2024,1404,
IT1:29_7_DF_DCIS_POPSTRRES1_1(1.0),ITC41,JAN,9,Y47,2025,1477,
IT1:29_7_DF_DCIS_POPSTRRES1_1(1.0),ITC41,JAN,9,Y47,2026,1492,e
IT1:29_7_DF_DCIS_POPSTRRES1_1(1.0),ITC41,JAN,9,Y48,2019,1245,
IT1:29_7_DF_DCIS_POPSTRRES1_1(1.0),ITC41,JAN,9,Y48,2020,1235,
IT1:29_7_DF_DCIS_POPSTRRES1_1(1.0),ITC41,JAN,9,Y48,2021,1275,
IT1:29_7_DF_DCIS_POPSTRRES1_1(1.0),ITC41,JAN,9,Y48,2022,1248,
IT1:29_7_DF_DCIS_POPSTRRES1_1(1.0),ITC41,JAN,9,Y48,2023,1299,
IT1:29_7_DF_DCIS_POPSTRRES1_1(1.0),ITC41,JAN,9,Y48,2024,1429,
IT1:29_7_DF_DCIS_POPSTRRES1_1(1.0),ITC41,JAN,9,Y48,2025,1409,
IT1:29_7_DF_DCIS_POPSTRRES1_1(1.0),ITC41,JAN,9,Y48,2026,1471,e
IT1:29_7_DF_DCIS_POPSTRRES1_1(1.0),ITC41,JAN,9,Y49,2019,1165,
IT1:29_7_DF_DCIS_POPSTRRES1_1(1.0),ITC41,JAN,9,Y49,2020,1193,
IT1:29_7_DF_DCIS_POPSTRRES1_1(1.0),ITC41,JAN,9,Y49,2021,1225,
IT1:29_7_DF_DCIS_POPSTRRES1_1(1.0),ITC41,JAN,9,Y49,2022,1254,
IT1:29_7_DF_DCIS_POPSTRRES1_1(1.0),ITC41,JAN,9,Y49,2023,1220,
IT1:29_7_DF_DCIS_POPSTRRES1_1(1.0),ITC41,JAN,9,Y49,2024,1286,
IT1:29_7_DF_DCIS_POPSTRRES1_1(1.0),ITC41,JAN,9,Y49,2025,1429,
IT1:29_7_DF_DCIS_POPSTRRES1_1(1.0),ITC41,JAN,9,Y49,2026,1391,e
IT1:29_7_DF_DCIS_POPSTRRES1_1(1.0),ITC41,JAN,9,Y5,2019,1096,
IT1:29_7_DF_DCIS_POPSTRRES1_1(1.0),ITC41,JAN,9,Y5,2020,1024,
IT1:29_7_DF_DCIS_POPSTRRES1_1(1.0),ITC41,JAN,9,Y5,2021,1089,
IT1:29_7_DF_DCIS_POPSTRRES1_1(1.0),ITC41,JAN,9,Y5,2022,982,
IT1:29_7_DF_DCIS_POPSTRRES1_1(1.0),ITC41,JAN,9,Y5,2023,945,
IT1:29_7_DF_DCIS_POPSTRRES1_1(1.0),ITC41,JAN,9,Y5,2024,921,
IT1:29_7_DF_DCIS_POPSTRRES1_1(1.0),ITC41,JAN,9,Y5,2025,959,
IT1:29_7_DF_DCIS_POPSTRRES1_1(1.0),ITC41,JAN,9,Y5,2026,851,e
IT1:29_7_DF_DCIS_POPSTRRES1_1(1.0),ITC41,JAN,9,Y50,2019,1155,
IT1:29_7_DF_DCIS_POPSTRRES1_1(1.0),ITC41,JAN,9,Y50,2020,1134,
IT1:29_7_DF_DCIS_POPSTRRES1_1(1.0),ITC41,JAN,9,Y50,2021,1206,
IT1:29_7_DF_DCIS_POPSTRRES1_1(1.0),ITC41,JAN,9,Y50,2022,1187,
IT1:29_7_DF_DCIS_POPSTRRES1_1(1.0),ITC41,JAN,9,Y50,2023,1228,
IT1:29_7_DF_DCIS_POPSTRRES1_1(1.0),ITC41,JAN,9,Y50,2024,1160,
IT1:29_7_DF_DCIS_POPSTRRES1_1(1.0),ITC41,JAN,9,Y50,2025,1300,
IT1:29_7_DF_DCIS_POPSTRRES1_1(1.0),ITC41,JAN,9,Y50,2026,1453,e
IT1:29_7_DF_DCIS_POPSTRRES1_1(1.0),ITC41,JAN,9,Y51,2019,1077,
IT1:29_7_DF_DCIS_POPSTRRES1_1(1.0),ITC41,JAN,9,Y51,2020,1146,
IT1:29_7_DF_DCIS_POPSTRRES1_1(1.0),ITC41,JAN,9,Y51,2021,1117,
IT1:29_7_DF_DCIS_POPSTRRES1_1(1.0),ITC41,JAN,9,Y51,2022,1188,
IT1:29_7_DF_DCIS_POPSTRRES1_1(1.0),ITC41,JAN,9,Y51,2023,1187,
IT1:29_7_DF_DCIS_POPSTRRES1_1(1.0),ITC41,JAN,9,Y51,2024,1211,
IT1:29_7_DF_DCIS_POPSTRRES1_1(1.0),ITC41,JAN,9,Y51,2025,1146,
IT1:29_7_DF_DCIS_POPSTRRES1_1(1.0),ITC41,JAN,9,Y51,2026,1262,e
IT1:29_7_DF_DCIS_POPSTRRES1_1(1.0),ITC41,JAN,9,Y52,2019,1035,
IT1:29_7_DF_DCIS_POPSTRRES1_1(1.0),ITC41,JAN,9,Y52,2020,1058,
IT1:29_7_DF_DCIS_POPSTRRES1_1(1.0),ITC41,JAN,9,Y52,2021,1159,
IT1:29_7_DF_DCIS_POPSTRRES1_1(1.0),ITC41,JAN,9,Y52,2022,1100,
IT1:29_7_DF_DCIS_POPSTRRES1_1(1.0),ITC41,JAN,9,Y52,2023,1176,
IT1:29_7_DF_DCIS_POPSTRRES1_1(1.0),ITC41,JAN,9,Y52,2024,1134,
IT1:29_7_DF_DCIS_POPSTRRES1_1(1.0),ITC41,JAN,9,Y52,2025,1210,
IT1:29_7_DF_DCIS_POPSTRRES1_1(1.0),ITC41,JAN,9,Y52,2026,1135,e
IT1:29_7_DF_DCIS_POPSTRRES1_1(1.0),ITC41,JAN,9,Y53,2019,925,
IT1:29_7_DF_DCIS_POPSTRRES1_1(1.0),ITC41,JAN,9,Y53,2020,1003,
IT1:29_7_DF_DCIS_POPSTRRES1_1(1.0),ITC41,JAN,9,Y53,2021,1041,
IT1:29_7_DF_DCIS_POPSTRRES1_1(1.0),ITC41,JAN,9,Y53,2022,1135,
IT1:29_7_DF_DCIS_POPSTRRES1_1(1.0),ITC41,JAN,9,Y53,2023,1079,
IT1:29_7_DF_DCIS_POPSTRRES1_1(1.0),ITC41,JAN,9,Y53,2024,1133,
IT1:29_7_DF_DCIS_POPSTRRES1_1(1.0),ITC41,JAN,9,Y53,2025,1115,
IT1:29_7_DF_DCIS_POPSTRRES1_1(1.0),ITC41,JAN,9,Y53,2026,1213,e
IT1:29_7_DF_DCIS_POPSTRRES1_1(1.0),ITC41,JAN,9,Y54,2019,887,
IT1:29_7_DF_DCIS_POPSTRRES1_1(1.0),ITC41,JAN,9,Y54,2020,920,
IT1:29_7_DF_DCIS_POPSTRRES1_1(1.0),ITC41,JAN,9,Y54,2021,984,
IT1:29_7_DF_DCIS_POPSTRRES1_1(1.0),ITC41,JAN,9,Y54,2022,1018,
IT1:29_7_DF_DCIS_POPSTRRES1_1(1.0),ITC41,JAN,9,Y54,2023,1112,
IT1:29_7_DF_DCIS_POPSTRRES1_1(1.0),ITC41,JAN,9,Y54,2024,1064,
IT1:29_7_DF_DCIS_POPSTRRES1_1(1.0),ITC41,JAN,9,Y54,2025,1155,
IT1:29_7_DF_DCIS_POPSTRRES1_1(1.0),ITC41,JAN,9,Y54,2026,1120,e
IT1:29_7_DF_DCIS_POPSTRRES1_1(1.0),ITC41,JAN,9,Y55,2019,857,
IT1:29_7_DF_DCIS_POPSTRRES1_1(1.0),ITC41,JAN,9,Y55,2020,874,
IT1:29_7_DF_DCIS_POPSTRRES1_1(1.0),ITC41,JAN,9,Y55,2021,925,
IT1:29_7_DF_DCIS_POPSTRRES1_1(1.0),ITC41,JAN,9,Y55,2022,946,
IT1:29_7_DF_DCIS_POPSTRRES1_1(1.0),ITC41,JAN,9,Y55,2023,1025,
IT1:29_7_DF_DCIS_POPSTRRES1_1(1.0),ITC41,JAN,9,Y55,2024,1094,
IT1:29_7_DF_DCIS_POPSTRRES1_1(1.0),ITC41,JAN,9,Y55,2025,1056,
IT1:29_7_DF_DCIS_POPSTRRES1_1(1.0),ITC41,JAN,9,Y55,2026,1156,e
IT1:29_7_DF_DCIS_POPSTRRES1_1(1.0),ITC41,JAN,9,Y56,2019,830,
IT1:29_7_DF_DCIS_POPSTRRES1_1(1.0),ITC41,JAN,9,Y56,2020,847,
IT1:29_7_DF_DCIS_POPSTRRES1_1(1.0),ITC41,JAN,9,Y56,2021,863,
IT1:29_7_DF_DCIS_POPSTRRES1_1(1.0),ITC41,JAN,9,Y56,2022,886,
IT1:29_7_DF_DCIS_POPSTRRES1_1(1.0),ITC41,JAN,9,Y56,2023,945,
IT1:29_7_DF_DCIS_POPSTRRES1_1(1.0),ITC41,JAN,9,Y56,2024,999,
IT1:29_7_DF_DCIS_POPSTRRES1_1(1.0),ITC41,JAN,9,Y56,2025,1081,
IT1:29_7_DF_DCIS_POPSTRRES1_1(1.0),ITC41,JAN,9,Y56,2026,1025,e
IT1:29_7_DF_DCIS_POPSTRRES1_1(1.0),ITC41,JAN,9,Y57,2019,757,
IT1:29_7_DF_DCIS_POPSTRRES1_1(1.0),ITC41,JAN,9,Y57,2020,830,
IT1:29_7_DF_DCIS_POPSTRRES1_1(1.0),ITC41,JAN,9,Y57,2021,863,
IT1:29_7_DF_DCIS_POPSTRRES1_1(1.0),ITC41,JAN,9,Y57,2022,840,
IT1:29_7_DF_DCIS_POPSTRRES1_1(1.0),ITC41,JAN,9,Y57,2023,880,
IT1:29_7_DF_DCIS_POPSTRRES1_1(1.0),ITC41,JAN,9,Y57,2024,932,
IT1:29_7_DF_DCIS_POPSTRRES1_1(1.0),ITC41,JAN,9,Y57,2025,984,
IT1:29_7_DF_DCIS_POPSTRRES1_1(1.0),ITC41,JAN,9,Y57,2026,1058,e
IT1:29_7_DF_DCIS_POPSTRRES1_1(1.0),ITC41,JAN,9,Y58,2019,725,
IT1:29_7_DF_DCIS_POPSTRRES1_1(1.0),ITC41,JAN,9,Y58,2020,745,
IT1:29_7_DF_DCIS_POPSTRRES1_1(1.0),ITC41,JAN,9,Y58,2021,827,
IT1:29_7_DF_DCIS_POPSTRRES1_1(1.0),ITC41,JAN,9,Y58,2022,830,
IT1:29_7_DF_DCIS_POPSTRRES1_1(1.0),ITC41,JAN,9,Y58,2023,838,
IT1:29_7_DF_DCIS_POPSTRRES1_1(1.0),ITC41,JAN,9,Y58,2024,857,
IT1:29_7_DF_DCIS_POPSTRRES1_1(1.0),ITC41,JAN,9,Y58,2025,930,
IT1:29_7_DF_DCIS_POPSTRRES1_1(1.0),ITC41,JAN,9,Y58,2026,969,e
IT1:29_7_DF_DCIS_POPSTRRES1_1(1.0),ITC41,JAN,9,Y59,2019,687,
IT1:29_7_DF_DCIS_POPSTRRES1_1(1.0),ITC41,JAN,9,Y59,2020,710,
IT1:29_7_DF_DCIS_POPSTRRES1_1(1.0),ITC41,JAN,9,Y59,2021,725,
IT1:29_7_DF_DCIS_POPSTRRES1_1(1.0),ITC41,JAN,9,Y59,2022,793,
IT1:29_7_DF_DCIS_POPSTRRES1_1(1.0),ITC41,JAN,9,Y59,2023,801,
IT1:29_7_DF_DCIS_POPSTRRES1_1(1.0),ITC41,JAN,9,Y59,2024,830,
IT1:29_7_DF_DCIS_POPSTRRES1_1(1.0),ITC41,JAN,9,Y59,2025,849,
IT1:29_7_DF_DCIS_POPSTRRES1_1(1.0),ITC41,JAN,9,Y59,2026,911,e
IT1:29_7_DF_DCIS_POPSTRRES1_1(1.0),ITC41,JAN,9,Y6,2019,1078,
IT1:29_7_DF_DCIS_POPSTRRES1_1(1.0),ITC41,JAN,9,Y6,2020,1079,
IT1:29_7_DF_DCIS_POPSTRRES1_1(1.0),ITC41,JAN,9,Y6,2021,1045,
IT1:29_7_DF_DCIS_POPSTRRES1_1(1.0),ITC41,JAN,9,Y6,2022,1041,
IT1:29_7_DF_DCIS_POPSTRRES1_1(1.0),ITC41,JAN,9,Y6,2023,954,
IT1:29_7_DF_DCIS_POPSTRRES1_1(1.0),ITC41,JAN,9,Y6,2024,920,
IT1:29_7_DF_DCIS_POPSTRRES1_1(1.0),ITC41,JAN,9,Y6,2025,897,
IT1:29_7_DF_DCIS_POPSTRRES1_1(1.0),ITC41,JAN,9,Y6,2026,955,e
IT1:29_7_DF_DCIS_POPSTRRES1_1(1.0),ITC41,JAN,9,Y60,2019,647,
IT1:29_7_DF_DCIS_POPSTRRES1_1(1.0),ITC41,JAN,9,Y60,2020,676,
IT1:29_7_DF_DCIS_POPSTRRES1_1(1.0),ITC41,JAN,9,Y60,2021,704,
IT1:29_7_DF_DCIS_POPSTRRES1_1(1.0),ITC41,JAN,9,Y60,2022,686,
IT1:29_7_DF_DCIS_POPSTRRES1_1(1.0),ITC41,JAN,9,Y60,2023,793,
IT1:29_7_DF_DCIS_POPSTRRES1_1(1.0),ITC41,JAN,9,Y60,2024,784,
IT1:29_7_DF_DCIS_POPSTRRES1_1(1.0),ITC41,JAN,9,Y60,2025,841,
IT1:29_7_DF_DCIS_POPSTRRES1_1(1.0),ITC41,JAN,9,Y60,2026,827,e
IT1:29_7_DF_DCIS_POPSTRRES1_1(1.0),ITC41,JAN,9,Y61,2019,563,
IT1:29_7_DF_DCIS_POPSTRRES1_1(1.0),ITC41,JAN,9,Y61,2020,614,
IT1:29_7_DF_DCIS_POPSTRRES1_1(1.0),ITC41,JAN,9,Y61,2021,642,
IT1:29_7_DF_DCIS_POPSTRRES1_1(1.0),ITC41,JAN,9,Y61,2022,674,
IT1:29_7_DF_DCIS_POPSTRRES1_1(1.0),ITC41,JAN,9,Y61,2023,693,
IT1:29_7_DF_DCIS_POPSTRRES1_1(1.0),ITC41,JAN,9,Y61,2024,786,
IT1:29_7_DF_DCIS_POPSTRRES1_1(1.0),ITC41,JAN,9,Y61,2025,784,
IT1:29_7_DF_DCIS_POPSTRRES1_1(1.0),ITC41,JAN,9,Y61,2026,821,e
IT1:29_7_DF_DCIS_POPSTRRES1_1(1.0),ITC41,JAN,9,Y62,2019,536,
IT1:29_7_DF_DCIS_POPSTRRES1_1(1.0),ITC41,JAN,9,Y62,2020,548,
IT1:29_7_DF_DCIS_POPSTRRES1_1(1.0),ITC41,JAN,9,Y62,2021,600,
IT1:29_7_DF_DCIS_POPSTRRES1_1(1.0),ITC41,JAN,9,Y62,2022,618,
IT1:29_7_DF_DCIS_POPSTRRES1_1(1.0),ITC41,JAN,9,Y62,2023,688,
IT1:29_7_DF_DCIS_POPSTRRES1_1(1.0),ITC41,JAN,9,Y62,2024,670,
IT1:29_7_DF_DCIS_POPSTRRES1_1(1.0),ITC41,JAN,9,Y62,2025,790,
IT1:29_7_DF_DCIS_POPSTRRES1_1(1.0),ITC41,JAN,9,Y62,2026,776,e
IT1:29_7_DF_DCIS_POPSTRRES1_1(1.0),ITC41,JAN,9,Y63,2019,468,
IT1:29_7_DF_DCIS_POPSTRRES1_1(1.0),ITC41,JAN,9,Y63,2020,548,
IT1:29_7_DF_DCIS_POPSTRRES1_1(1.0),ITC41,JAN,9,Y63,2021,527,
IT1:29_7_DF_DCIS_POPSTRRES1_1(1.0),ITC41,JAN,9,Y63,2022,570,
IT1:29_7_DF_DCIS_POPSTRRES1_1(1.0),ITC41,JAN,9,Y63,2023,613,
IT1:29_7_DF_DCIS_POPSTRRES1_1(1.0),ITC41,JAN,9,Y63,2024,682,
IT1:29_7_DF_DCIS_POPSTRRES1_1(1.0),ITC41,JAN,9,Y63,2025,672,
IT1:29_7_DF_DCIS_POPSTRRES1_1(1.0),ITC41,JAN,9,Y63,2026,776,e
IT1:29_7_DF_DCIS_POPSTRRES1_1(1.0),ITC41,JAN,9,Y64,2019,449,
IT1:29_7_DF_DCIS_POPSTRRES1_1(1.0),ITC41,JAN,9,Y64,2020,463,
IT1:29_7_DF_DCIS_POPSTRRES1_1(1.0),ITC41,JAN,9,Y64,2021,527,
IT1:29_7_DF_DCIS_POPSTRRES1_1(1.0),ITC41,JAN,9,Y64,2022,490,
IT1:29_7_DF_DCIS_POPSTRRES1_1(1.0),ITC41,JAN,9,Y64,2023,560,
IT1:29_7_DF_DCIS_POPSTRRES1_1(1.0),ITC41,JAN,9,Y64,2024,609,
IT1:29_7_DF_DCIS_POPSTRRES1_1(1.0),ITC41,JAN,9,Y64,2025,683,
IT1:29_7_DF_DCIS_POPSTRRES1_1(1.0),ITC41,JAN,9,Y64,2026,645,e
IT1:29_7_DF_DCIS_POPSTRRES1_1(1.0),ITC41,JAN,9,Y65,2019,399,
IT1:29_7_DF_DCIS_POPSTRRES1_1(1.0),ITC41,JAN,9,Y65,2020,444,
IT1:29_7_DF_DCIS_POPSTRRES1_1(1.0),ITC41,JAN,9,Y65,2021,459,
IT1:29_7_DF_DCIS_POPSTRRES1_1(1.0),ITC41,JAN,9,Y65,2022,484,
IT1:29_7_DF_DCIS_POPSTRRES1_1(1.0),ITC41,JAN,9,Y65,2023,505,
IT1:29_7_DF_DCIS_POPSTRRES1_1(1.0),ITC41,JAN,9,Y65,2024,537,
IT1:29_7_DF_DCIS_POPSTRRES1_1(1.0),ITC41,JAN,9,Y65,2025,599,
IT1:29_7_DF_DCIS_POPSTRRES1_1(1.0),ITC41,JAN,9,Y65,2026,649,e
IT1:29_7_DF_DCIS_POPSTRRES1_1(1.0),ITC41,JAN,9,Y66,2019,384,
IT1:29_7_DF_DCIS_POPSTRRES1_1(1.0),ITC41,JAN,9,Y66,2020,386,
IT1:29_7_DF_DCIS_POPSTRRES1_1(1.0),ITC41,JAN,9,Y66,2021,423,
IT1:29_7_DF_DCIS_POPSTRRES1_1(1.0),ITC41,JAN,9,Y66,2022,430,
IT1:29_7_DF_DCIS_POPSTRRES1_1(1.0),ITC41,JAN,9,Y66,2023,488,
IT1:29_7_DF_DCIS_POPSTRRES1_1(1.0),ITC41,JAN,9,Y66,2024,490,
IT1:29_7_DF_DCIS_POPSTRRES1_1(1.0),ITC41,JAN,9,Y66,2025,528,
IT1:29_7_DF_DCIS_POPSTRRES1_1(1.0),ITC41,JAN,9,Y66,2026,562,e
IT1:29_7_DF_DCIS_POPSTRRES1_1(1.0),ITC41,JAN,9,Y67,2019,287,
IT1:29_7_DF_DCIS_POPSTRRES1_1(1.0),ITC41,JAN,9,Y67,2020,379,
IT1:29_7_DF_DCIS_POPSTRRES1_1(1.0),ITC41,JAN,9,Y67,2021,383,
IT1:29_7_DF_DCIS_POPSTRRES1_1(1.0),ITC41,JAN,9,Y67,2022,391,
IT1:29_7_DF_DCIS_POPSTRRES1_1(1.0),ITC41,JAN,9,Y67,2023,428,
IT1:29_7_DF_DCIS_POPSTRRES1_1(1.0),ITC41,JAN,9,Y67,2024,496,
IT1:29_7_DF_DCIS_POPSTRRES1_1(1.0),ITC41,JAN,9,Y67,2025,481,
IT1:29_7_DF_DCIS_POPSTRRES1_1(1.0),ITC41,JAN,9,Y67,2026,501,e
IT1:29_7_DF_DCIS_POPSTRRES1_1(1.0),ITC41,JAN,9,Y68,2019,293,
IT1:29_7_DF_DCIS_POPSTRRES1_1(1.0),ITC41,JAN,9,Y68,2020,279,
IT1:29_7_DF_DCIS_POPSTRRES1_1(1.0),ITC41,JAN,9,Y68,2021,366,
IT1:29_7_DF_DCIS_POPSTRRES1_1(1.0),ITC41,JAN,9,Y68,2022,341,
IT1:29_7_DF_DCIS_POPSTRRES1_1(1.0),ITC41,JAN,9,Y68,2023,398,
IT1:29_7_DF_DCIS_POPSTRRES1_1(1.0),ITC41,JAN,9,Y68,2024,434,
IT1:29_7_DF_DCIS_POPSTRRES1_1(1.0),ITC41,JAN,9,Y68,2025,494,
IT1:29_7_DF_DCIS_POPSTRRES1_1(1.0),ITC41,JAN,9,Y68,2026,464,e
IT1:29_7_DF_DCIS_POPSTRRES1_1(1.0),ITC41,JAN,9,Y69,2019,309,
IT1:29_7_DF_DCIS_POPSTRRES1_1(1.0),ITC41,JAN,9,Y69,2020,297,
IT1:29_7_DF_DCIS_POPSTRRES1_1(1.0),ITC41,JAN,9,Y69,2021,251,
IT1:29_7_DF_DCIS_POPSTRRES1_1(1.0),ITC41,JAN,9,Y69,2022,340,
IT1:29_7_DF_DCIS_POPSTRRES1_1(1.0),ITC41,JAN,9,Y69,2023,350,
IT1:29_7_DF_DCIS_POPSTRRES1_1(1.0),ITC41,JAN,9,Y69,2024,363,
IT1:29_7_DF_DCIS_POPSTRRES1_1(1.0),ITC41,JAN,9,Y69,2025,435,
IT1:29_7_DF_DCIS_POPSTRRES1_1(1.0),ITC41,JAN,9,Y69,2026,468,e
IT1:29_7_DF_DCIS_POPSTRRES1_1(1.0),ITC41,JAN,9,Y7,2019,1070,
IT1:29_7_DF_DCIS_POPSTRRES1_1(1.0),ITC41,JAN,9,Y7,2020,1053,
IT1:29_7_DF_DCIS_POPSTRRES1_1(1.0),ITC41,JAN,9,Y7,2021,1054,
IT1:29_7_DF_DCIS_POPSTRRES1_1(1.0),ITC41,JAN,9,Y7,2022,1053,
IT1:29_7_DF_DCIS_POPSTRRES1_1(1.0),ITC41,JAN,9,Y7,2023,1009,
IT1:29_7_DF_DCIS_POPSTRRES1_1(1.0),ITC41,JAN,9,Y7,2024,933,
IT1:29_7_DF_DCIS_POPSTRRES1_1(1.0),ITC41,JAN,9,Y7,2025,942,
IT1:29_7_DF_DCIS_POPSTRRES1_1(1.0),ITC41,JAN,9,Y7,2026,920,e
IT1:29_7_DF_DCIS_POPSTRRES1_1(1.0),ITC41,JAN,9,Y70,2019,264,
IT1:29_7_DF_DCIS_POPSTRRES1_1(1.0),ITC41,JAN,9,Y70,2020,311,
IT1:29_7_DF_DCIS_POPSTRRES1_1(1.0),ITC41,JAN,9,Y70,2021,291,
IT1:29_7_DF_DCIS_POPSTRRES1_1(1.0),ITC41,JAN,9,Y70,2022,218,
IT1:29_7_DF_DCIS_POPSTRRES1_1(1.0),ITC41,JAN,9,Y70,2023,336,
IT1:29_7_DF_DCIS_POPSTRRES1_1(1.0),ITC41,JAN,9,Y70,2024,340,
IT1:29_7_DF_DCIS_POPSTRRES1_1(1.0),ITC41,JAN,9,Y70,2025,363,
IT1:29_7_DF_DCIS_POPSTRRES1_1(1.0),ITC41,JAN,9,Y70,2026,410,e
IT1:29_7_DF_DCIS_POPSTRRES1_1(1.0),ITC41,JAN,9,Y71,2019,191,
IT1:29_7_DF_DCIS_POPSTRRES1_1(1.0),ITC41,JAN,9,Y71,2020,263,
IT1:29_7_DF_DCIS_POPSTRRES1_1(1.0),ITC41,JAN,9,Y71,2021,280,
IT1:29_7_DF_DCIS_POPSTRRES1_1(1.0),ITC41,JAN,9,Y71,2022,240,
IT1:29_7_DF_DCIS_POPSTRRES1_1(1.0),ITC41,JAN,9,Y71,2023,225,
IT1:29_7_DF_DCIS_POPSTRRES1_1(1.0),ITC41,JAN,9,Y71,2024,331,
IT1:29_7_DF_DCIS_POPSTRRES1_1(1.0),ITC41,JAN,9,Y71,2025,348,
IT1:29_7_DF_DCIS_POPSTRRES1_1(1.0),ITC41,JAN,9,Y71,2026,341,e
IT1:29_7_DF_DCIS_POPSTRRES1_1(1.0),ITC41,JAN,9,Y72,2019,182,
IT1:29_7_DF_DCIS_POPSTRRES1_1(1.0),ITC41,JAN,9,Y72,2020,185,
IT1:29_7_DF_DCIS_POPSTRRES1_1(1.0),ITC41,JAN,9,Y72,2021,241,
IT1:29_7_DF_DCIS_POPSTRRES1_1(1.0),ITC41,JAN,9,Y72,2022,247,
IT1:29_7_DF_DCIS_POPSTRRES1_1(1.0),ITC41,JAN,9,Y72,2023,255,
IT1:29_7_DF_DCIS_POPSTRRES1_1(1.0),ITC41,JAN,9,Y72,2024,225,
IT1:29_7_DF_DCIS_POPSTRRES1_1(1.0),ITC41,JAN,9,Y72,2025,325,
IT1:29_7_DF_DCIS_POPSTRRES1_1(1.0),ITC41,JAN,9,Y72,2026,335,e
IT1:29_7_DF_DCIS_POPSTRRES1_1(1.0),ITC41,JAN,9,Y73,2019,138,
IT1:29_7_DF_DCIS_POPSTRRES1_1(1.0),ITC41,JAN,9,Y73,2020,183,
IT1:29_7_DF_DCIS_POPSTRRES1_1(1.0),ITC41,JAN,9,Y73,2021,174,
IT1:29_7_DF_DCIS_POPSTRRES1_1(1.0),ITC41,JAN,9,Y73,2022,215,
IT1:29_7_DF_DCIS_POPSTRRES1_1(1.0),ITC41,JAN,9,Y73,2023,252,
IT1:29_7_DF_DCIS_POPSTRRES1_1(1.0),ITC41,JAN,9,Y73,2024,251,
IT1:29_7_DF_DCIS_POPSTRRES1_1(1.0),ITC41,JAN,9,Y73,2025,223,
IT1:29_7_DF_DCIS_POPSTRRES1_1(1.0),ITC41,JAN,9,Y73,2026,310,e
IT1:29_7_DF_DCIS_POPSTRRES1_1(1.0),ITC41,JAN,9,Y74,2019,162,
IT1:29_7_DF_DCIS_POPSTRRES1_1(1.0),ITC41,JAN,9,Y74,2020,132,
IT1:29_7_DF_DCIS_POPSTRRES1_1(1.0),ITC41,JAN,9,Y74,2021,161,
IT1:29_7_DF_DCIS_POPSTRRES1_1(1.0),ITC41,JAN,9,Y74,2022,151,
IT1:29_7_DF_DCIS_POPSTRRES1_1(1.0),ITC41,JAN,9,Y74,2023,219,
IT1:29_7_DF_DCIS_POPSTRRES1_1(1.0),ITC41,JAN,9,Y74,2024,256,
IT1:29_7_DF_DCIS_POPSTRRES1_1(1.0),ITC41,JAN,9,Y74,2025,248,
IT1:29_7_DF_DCIS_POPSTRRES1_1(1.0),ITC41,JAN,9,Y74,2026,212,e
IT1:29_7_DF_DCIS_POPSTRRES1_1(1.0),ITC41,JAN,9,Y75,2019,149,
IT1:29_7_DF_DCIS_POPSTRRES1_1(1.0),ITC41,JAN,9,Y75,2020,157,
IT1:29_7_DF_DCIS_POPSTRRES1_1(1.0),ITC41,JAN,9,Y75,2021,118,
IT1:29_7_DF_DCIS_POPSTRRES1_1(1.0),ITC41,JAN,9,Y75,2022,141,
IT1:29_7_DF_DCIS_POPSTRRES1_1(1.0),ITC41,JAN,9,Y75,2023,162,
IT1:29_7_DF_DCIS_POPSTRRES1_1(1.0),ITC41,JAN,9,Y75,2024,213,
IT1:29_7_DF_DCIS_POPSTRRES1_1(1.0),ITC41,JAN,9,Y75,2025,261,
IT1:29_7_DF_DCIS_POPSTRRES1_1(1.0),ITC41,JAN,9,Y75,2026,239,e
IT1:29_7_DF_DCIS_POPSTRRES1_1(1.0),ITC41,JAN,9,Y76,2019,167,
IT1:29_7_DF_DCIS_POPSTRRES1_1(1.0),ITC41,JAN,9,Y76,2020,140,
IT1:29_7_DF_DCIS_POPSTRRES1_1(1.0),ITC41,JAN,9,Y76,2021,141,
IT1:29_7_DF_DCIS_POPSTRRES1_1(1.0),ITC41,JAN,9,Y76,2022,106,
IT1:29_7_DF_DCIS_POPSTRRES1_1(1.0),ITC41,JAN,9,Y76,2023,149,
IT1:29_7_DF_DCIS_POPSTRRES1_1(1.0),ITC41,JAN,9,Y76,2024,151,
IT1:29_7_DF_DCIS_POPSTRRES1_1(1.0),ITC41,JAN,9,Y76,2025,210,
IT1:29_7_DF_DCIS_POPSTRRES1_1(1.0),ITC41,JAN,9,Y76,2026,259,e
IT1:29_7_DF_DCIS_POPSTRRES1_1(1.0),ITC41,JAN,9,Y77,2019,132,
IT1:29_7_DF_DCIS_POPSTRRES1_1(1.0),ITC41,JAN,9,Y77,2020,165,
IT1:29_7_DF_DCIS_POPSTRRES1_1(1.0),ITC41,JAN,9,Y77,2021,136,
IT1:29_7_DF_DCIS_POPSTRRES1_1(1.0),ITC41,JAN,9,Y77,2022,109,
IT1:29_7_DF_DCIS_POPSTRRES1_1(1.0),ITC41,JAN,9,Y77,2023,114,
IT1:29_7_DF_DCIS_POPSTRRES1_1(1.0),ITC41,JAN,9,Y77,2024,149,
IT1:29_7_DF_DCIS_POPSTRRES1_1(1.0),ITC41,JAN,9,Y77,2025,154,
IT1:29_7_DF_DCIS_POPSTRRES1_1(1.0),ITC41,JAN,9,Y77,2026,194,e
IT1:29_7_DF_DCIS_POPSTRRES1_1(1.0),ITC41,JAN,9,Y78,2019,148,
IT1:29_7_DF_DCIS_POPSTRRES1_1(1.0),ITC41,JAN,9,Y78,2020,133,
IT1:29_7_DF_DCIS_POPSTRRES1_1(1.0),ITC41,JAN,9,Y78,2021,152,
IT1:29_7_DF_DCIS_POPSTRRES1_1(1.0),ITC41,JAN,9,Y78,2022,119,
IT1:29_7_DF_DCIS_POPSTRRES1_1(1.0),ITC41,JAN,9,Y78,2023,104,
IT1:29_7_DF_DCIS_POPSTRRES1_1(1.0),ITC41,JAN,9,Y78,2024,116,
IT1:29_7_DF_DCIS_POPSTRRES1_1(1.0),ITC41,JAN,9,Y78,2025,146,
IT1:29_7_DF_DCIS_POPSTRRES1_1(1.0),ITC41,JAN,9,Y78,2026,145,e
IT1:29_7_DF_DCIS_POPSTRRES1_1(1.0),ITC41,JAN,9,Y79,2019,111,
IT1:29_7_DF_DCIS_POPSTRRES1_1(1.0),ITC41,JAN,9,Y79,2020,148,
IT1:29_7_DF_DCIS_POPSTRRES1_1(1.0),ITC41,JAN,9,Y79,2021,124,
IT1:29_7_DF_DCIS_POPSTRRES1_1(1.0),ITC41,JAN,9,Y79,2022,136,
IT1:29_7_DF_DCIS_POPSTRRES1_1(1.0),ITC41,JAN,9,Y79,2023,126,
IT1:29_7_DF_DCIS_POPSTRRES1_1(1.0),ITC41,JAN,9,Y79,2024,99,
IT1:29_7_DF_DCIS_POPSTRRES1_1(1.0),ITC41,JAN,9,Y79,2025,112,
IT1:29_7_DF_DCIS_POPSTRRES1_1(1.0),ITC41,JAN,9,Y79,2026,142,e
IT1:29_7_DF_DCIS_POPSTRRES1_1(1.0),ITC41,JAN,9,Y8,2019,968,
IT1:29_7_DF_DCIS_POPSTRRES1_1(1.0),ITC41,JAN,9,Y8,2020,1047,
IT1:29_7_DF_DCIS_POPSTRRES1_1(1.0),ITC41,JAN,9,Y8,2021,1024,
IT1:29_7_DF_DCIS_POPSTRRES1_1(1.0),ITC41,JAN,9,Y8,2022,1045,
IT1:29_7_DF_DCIS_POPSTRRES1_1(1.0),ITC41,JAN,9,Y8,2023,1008,
IT1:29_7_DF_DCIS_POPSTRRES1_1(1.0),ITC41,JAN,9,Y8,2024,998,
IT1:29_7_DF_DCIS_POPSTRRES1_1(1.0),ITC41,JAN,9,Y8,2025,929,
IT1:29_7_DF_DCIS_POPSTRRES1_1(1.0),ITC41,JAN,9,Y8,2026,961,e
IT1:29_7_DF_DCIS_POPSTRRES1_1(1.0),ITC41,JAN,9,Y80,2019,103,
IT1:29_7_DF_DCIS_POPSTRRES1_1(1.0),ITC41,JAN,9,Y80,2020,112,
IT1:29_7_DF_DCIS_POPSTRRES1_1(1.0),ITC41,JAN,9,Y80,2021,124,
IT1:29_7_DF_DCIS_POPSTRRES1_1(1.0),ITC41,JAN,9,Y80,2022,109,
IT1:29_7_DF_DCIS_POPSTRRES1_1(1.0),ITC41,JAN,9,Y80,2023,139,
IT1:29_7_DF_DCIS_POPSTRRES1_1(1.0),ITC41,JAN,9,Y80,2024,119,
IT1:29_7_DF_DCIS_POPSTRRES1_1(1.0),ITC41,JAN,9,Y80,2025,104,
IT1:29_7_DF_DCIS_POPSTRRES1_1(1.0),ITC41,JAN,9,Y80,2026,113,e
IT1:29_7_DF_DCIS_POPSTRRES1_1(1.0),ITC41,JAN,9,Y81,2019,100,
IT1:29_7_DF_DCIS_POPSTRRES1_1(1.0),ITC41,JAN,9,Y81,2020,105,
IT1:29_7_DF_DCIS_POPSTRRES1_1(1.0),ITC41,JAN,9,Y81,2021,94,
IT1:29_7_DF_DCIS_POPSTRRES1_1(1.0),ITC41,JAN,9,Y81,2022,103,
IT1:29_7_DF_DCIS_POPSTRRES1_1(1.0),ITC41,JAN,9,Y81,2023,108,
IT1:29_7_DF_DCIS_POPSTRRES1_1(1.0),ITC41,JAN,9,Y81,2024,131,
IT1:29_7_DF_DCIS_POPSTRRES1_1(1.0),ITC41,JAN,9,Y81,2025,115,
IT1:29_7_DF_DCIS_POPSTRRES1_1(1.0),ITC41,JAN,9,Y81,2026,99,e
IT1:29_7_DF_DCIS_POPSTRRES1_1(1.0),ITC41,JAN,9,Y82,2019,82,
IT1:29_7_DF_DCIS_POPSTRRES1_1(1.0),ITC41,JAN,9,Y82,2020,95,
IT1:29_7_DF_DCIS_POPSTRRES1_1(1.0),ITC41,JAN,9,Y82,2021,90,
IT1:29_7_DF_DCIS_POPSTRRES1_1(1.0),ITC41,JAN,9,Y82,2022,70,
IT1:29_7_DF_DCIS_POPSTRRES1_1(1.0),ITC41,JAN,9,Y82,2023,103,
IT1:29_7_DF_DCIS_POPSTRRES1_1(1.0),ITC41,JAN,9,Y82,2024,102,
IT1:29_7_DF_DCIS_POPSTRRES1_1(1.0),ITC41,JAN,9,Y82,2025,122,
IT1:29_7_DF_DCIS_POPSTRRES1_1(1.0),ITC41,JAN,9,Y82,2026,109,e
IT1:29_7_DF_DCIS_POPSTRRES1_1(1.0),ITC41,JAN,9,Y83,2019,67,
IT1:29_7_DF_DCIS_POPSTRRES1_1(1.0),ITC41,JAN,9,Y83,2020,72,
IT1:29_7_DF_DCIS_POPSTRRES1_1(1.0),ITC41,JAN,9,Y83,2021,86,
IT1:29_7_DF_DCIS_POPSTRRES1_1(1.0),ITC41,JAN,9,Y83,2022,72,
IT1:29_7_DF_DCIS_POPSTRRES1_1(1.0),ITC41,JAN,9,Y83,2023,71,
IT1:29_7_DF_DCIS_POPSTRRES1_1(1.0),ITC41,JAN,9,Y83,2024,100,
IT1:29_7_DF_DCIS_POPSTRRES1_1(1.0),ITC41,JAN,9,Y83,2025,103,
IT1:29_7_DF_DCIS_POPSTRRES1_1(1.0),ITC41,JAN,9,Y83,2026,115,e
IT1:29_7_DF_DCIS_POPSTRRES1_1(1.0),ITC41,JAN,9,Y84,2019,57,
IT1:29_7_DF_DCIS_POPSTRRES1_1(1.0),ITC41,JAN,9,Y84,2020,64,
IT1:29_7_DF_DCIS_POPSTRRES1_1(1.0),ITC41,JAN,9,Y84,2021,61,
IT1:29_7_DF_DCIS_POPSTRRES1_1(1.0),ITC41,JAN,9,Y84,2022,67,
IT1:29_7_DF_DCIS_POPSTRRES1_1(1.0),ITC41,JAN,9,Y84,2023,65,
IT1:29_7_DF_DCIS_POPSTRRES1_1(1.0),ITC41,JAN,9,Y84,2024,61,
IT1:29_7_DF_DCIS_POPSTRRES1_1(1.0),ITC41,JAN,9,Y84,2025,97,
IT1:29_7_DF_DCIS_POPSTRRES1_1(1.0),ITC41,JAN,9,Y84,2026,91,e
IT1:29_7_DF_DCIS_POPSTRRES1_1(1.0),ITC41,JAN,9,Y85,2019,47,
IT1:29_7_DF_DCIS_POPSTRRES1_1(1.0),ITC41,JAN,9,Y85,2020,59,
IT1:29_7_DF_DCIS_POPSTRRES1_1(1.0),ITC41,JAN,9,Y85,2021,55,
IT1:29_7_DF_DCIS_POPSTRRES1_1(1.0),ITC41,JAN,9,Y85,2022,52,
IT1:29_7_DF_DCIS_POPSTRRES1_1(1.0),ITC41,JAN,9,Y85,2023,69,
IT1:29_7_DF_DCIS_POPSTRRES1_1(1.0),ITC41,JAN,9,Y85,2024,62,
IT1:29_7_DF_DCIS_POPSTRRES1_1(1.0),ITC41,JAN,9,Y85,2025,60,
IT1:29_7_DF_DCIS_POPSTRRES1_1(1.0),ITC41,JAN,9,Y85,2026,88,e
IT1:29_7_DF_DCIS_POPSTRRES1_1(1.0),ITC41,JAN,9,Y86,2019,44,
IT1:29_7_DF_DCIS_POPSTRRES1_1(1.0),ITC41,JAN,9,Y86,2020,46,
IT1:29_7_DF_DCIS_POPSTRRES1_1(1.0),ITC41,JAN,9,Y86,2021,50,
IT1:29_7_DF_DCIS_POPSTRRES1_1(1.0),ITC41,JAN,9,Y86,2022,44,
IT1:29_7_DF_DCIS_POPSTRRES1_1(1.0),ITC41,JAN,9,Y86,2023,53,
IT1:29_7_DF_DCIS_POPSTRRES1_1(1.0),ITC41,JAN,9,Y86,2024,58,
IT1:29_7_DF_DCIS_POPSTRRES1_1(1.0),ITC41,JAN,9,Y86,2025,60,
IT1:29_7_DF_DCIS_POPSTRRES1_1(1.0),ITC41,JAN,9,Y86,2026,54,e
IT1:29_7_DF_DCIS_POPSTRRES1_1(1.0),ITC41,JAN,9,Y87,2019,33,
IT1:29_7_DF_DCIS_POPSTRRES1_1(1.0),ITC41,JAN,9,Y87,2020,43,
IT1:29_7_DF_DCIS_POPSTRRES1_1(1.0),ITC41,JAN,9,Y87,2021,34,
IT1:29_7_DF_DCIS_POPSTRRES1_1(1.0),ITC41,JAN,9,Y87,2022,42,
IT1:29_7_DF_DCIS_POPSTRRES1_1(1.0),ITC41,JAN,9,Y87,2023,41,
IT1:29_7_DF_DCIS_POPSTRRES1_1(1.0),ITC41,JAN,9,Y87,2024,48,
IT1:29_7_DF_DCIS_POPSTRRES1_1(1.0),ITC41,JAN,9,Y87,2025,56,
IT1:29_7_DF_DCIS_POPSTRRES1_1(1.0),ITC41,JAN,9,Y87,2026,56,e
IT1:29_7_DF_DCIS_POPSTRRES1_1(1.0),ITC41,JAN,9,Y88,2019,34,
IT1:29_7_DF_DCIS_POPSTRRES1_1(1.0),ITC41,JAN,9,Y88,2020,29,
IT1:29_7_DF_DCIS_POPSTRRES1_1(1.0),ITC41,JAN,9,Y88,2021,35,
IT1:29_7_DF_DCIS_POPSTRRES1_1(1.0),ITC41,JAN,9,Y88,2022,30,
IT1:29_7_DF_DCIS_POPSTRRES1_1(1.0),ITC41,JAN,9,Y88,2023,43,
IT1:29_7_DF_DCIS_POPSTRRES1_1(1.0),ITC41,JAN,9,Y88,2024,39,
IT1:29_7_DF_DCIS_POPSTRRES1_1(1.0),ITC41,JAN,9,Y88,2025,47,
IT1:29_7_DF_DCIS_POPSTRRES1_1(1.0),ITC41,JAN,9,Y88,2026,50,e
IT1:29_7_DF_DCIS_POPSTRRES1_1(1.0),ITC41,JAN,9,Y89,2019,29,
IT1:29_7_DF_DCIS_POPSTRRES1_1(1.0),ITC41,JAN,9,Y89,2020,31,
IT1:29_7_DF_DCIS_POPSTRRES1_1(1.0),ITC41,JAN,9,Y89,2021,22,
IT1:29_7_DF_DCIS_POPSTRRES1_1(1.0),ITC41,JAN,9,Y89,2022,31,
IT1:29_7_DF_DCIS_POPSTRRES1_1(1.0),ITC41,JAN,9,Y89,2023,28,
IT1:29_7_DF_DCIS_POPSTRRES1_1(1.0),ITC41,JAN,9,Y89,2024,36,
IT1:29_7_DF_DCIS_POPSTRRES1_1(1.0),ITC41,JAN,9,Y89,2025,38,
IT1:29_7_DF_DCIS_POPSTRRES1_1(1.0),ITC41,JAN,9,Y89,2026,43,e
IT1:29_7_DF_DCIS_POPSTRRES1_1(1.0),ITC41,JAN,9,Y9,2019,1020,
IT1:29_7_DF_DCIS_POPSTRRES1_1(1.0),ITC41,JAN,9,Y9,2020,958,
IT1:29_7_DF_DCIS_POPSTRRES1_1(1.0),ITC41,JAN,9,Y9,2021,973,
IT1:29_7_DF_DCIS_POPSTRRES1_1(1.0),ITC41,JAN,9,Y9,2022,1036,
IT1:29_7_DF_DCIS_POPSTRRES1_1(1.0),ITC41,JAN,9,Y9,2023,1010,
IT1:29_7_DF_DCIS_POPSTRRES1_1(1.0),ITC41,JAN,9,Y9,2024,995,
IT1:29_7_DF_DCIS_POPSTRRES1_1(1.0),ITC41,JAN,9,Y9,2025,974,
IT1:29_7_DF_DCIS_POPSTRRES1_1(1.0),ITC41,JAN,9,Y9,2026,936,e
IT1:29_7_DF_DCIS_POPSTRRES1_1(1.0),ITC41,JAN,9,Y90,2019,16,
IT1:29_7_DF_DCIS_POPSTRRES1_1(1.0),ITC41,JAN,9,Y90,2020,25,
IT1:29_7_DF_DCIS_POPSTRRES1_1(1.0),ITC41,JAN,9,Y90,2021,27,
IT1:29_7_DF_DCIS_POPSTRRES1_1(1.0),ITC41,JAN,9,Y90,2022,12,
IT1:29_7_DF_DCIS_POPSTRRES1_1(1.0),ITC41,JAN,9,Y90,2023,29,
IT1:29_7_DF_DCIS_POPSTRRES1_1(1.0),ITC41,JAN,9,Y90,2024,24,
IT1:29_7_DF_DCIS_POPSTRRES1_1(1.0),ITC41,JAN,9,Y90,2025,32,
IT1:29_7_DF_DCIS_POPSTRRES1_1(1.0),ITC41,JAN,9,Y90,2026,32,e
IT1:29_7_DF_DCIS_POPSTRRES1_1(1.0),ITC41,JAN,9,Y91,2019,14,
IT1:29_7_DF_DCIS_POPSTRRES1_1(1.0),ITC41,JAN,9,Y91,2020,16,
IT1:29_7_DF_DCIS_POPSTRRES1_1(1.0),ITC41,JAN,9,Y91,2021,14,
IT1:29_7_DF_DCIS_POPSTRRES1_1(1.0),ITC41,JAN,9,Y91,2022,24,
IT1:29_7_DF_DCIS_POPSTRRES1_1(1.0),ITC41,JAN,9,Y91,2023,12,
IT1:29_7_DF_DCIS_POPSTRRES1_1(1.0),ITC41,JAN,9,Y91,2024,26,
IT1:29_7_DF_DCIS_POPSTRRES1_1(1.0),ITC41,JAN,9,Y91,2025,21,
IT1:29_7_DF_DCIS_POPSTRRES1_1(1.0),ITC41,JAN,9,Y91,2026,28,e
IT1:29_7_DF_DCIS_POPSTRRES1_1(1.0),ITC41,JAN,9,Y92,2019,11,
IT1:29_7_DF_DCIS_POPSTRRES1_1(1.0),ITC41,JAN,9,Y92,2020,13,
IT1:29_7_DF_DCIS_POPSTRRES1_1(1.0),ITC41,JAN,9,Y92,2021,10,
IT1:29_7_DF_DCIS_POPSTRRES1_1(1.0),ITC41,JAN,9,Y92,2022,9,
IT1:29_7_DF_DCIS_POPSTRRES1_1(1.0),ITC41,JAN,9,Y92,2023,21,
IT1:29_7_DF_DCIS_POPSTRRES1_1(1.0),ITC41,JAN,9,Y92,2024,10,
IT1:29_7_DF_DCIS_POPSTRRES1_1(1.0),ITC41,JAN,9,Y92,2025,23,
IT1:29_7_DF_DCIS_POPSTRRES1_1(1.0),ITC41,JAN,9,Y92,2026,18,e
IT1:29_7_DF_DCIS_POPSTRRES1_1(1.0),ITC41,JAN,9,Y93,2019,11,
IT1:29_7_DF_DCIS_POPSTRRES1_1(1.0),ITC41,JAN,9,Y93,2020,11,
IT1:29_7_DF_DCIS_POPSTRRES1_1(1.0),ITC41,JAN,9,Y93,2021,10,
IT1:29_7_DF_DCIS_POPSTRRES1_1(1.0),ITC41,JAN,9,Y93,2022,7,
IT1:29_7_DF_DCIS_POPSTRRES1_1(1.0),ITC41,JAN,9,Y93,2023,8,
IT1:29_7_DF_DCIS_POPSTRRES1_1(1.0),ITC41,JAN,9,Y93,2024,15,
IT1:29_7_DF_DCIS_POPSTRRES1_1(1.0),ITC41,JAN,9,Y93,2025,8,
IT1:29_7_DF_DCIS_POPSTRRES1_1(1.0),ITC41,JAN,9,Y93,2026,19,e
IT1:29_7_DF_DCIS_POPSTRRES1_1(1.0),ITC41,JAN,9,Y94,2019,4,
IT1:29_7_DF_DCIS_POPSTRRES1_1(1.0),ITC41,JAN,9,Y94,2020,10,
IT1:29_7_DF_DCIS_POPSTRRES1_1(1.0),ITC41,JAN,9,Y94,2021,9,
IT1:29_7_DF_DCIS_POPSTRRES1_1(1.0),ITC41,JAN,9,Y94,2022,8,
IT1:29_7_DF_DCIS_POPSTRRES1_1(1.0),ITC41,JAN,9,Y94,2023,5,
IT1:29_7_DF_DCIS_POPSTRRES1_1(1.0),ITC41,JAN,9,Y94,2024,7,
IT1:29_7_DF_DCIS_POPSTRRES1_1(1.0),ITC41,JAN,9,Y94,2025,12,
IT1:29_7_DF_DCIS_POPSTRRES1_1(1.0),ITC41,JAN,9,Y94,2026,7,e
IT1:29_7_DF_DCIS_POPSTRRES1_1(1.0),ITC41,JAN,9,Y95,2019,9,
IT1:29_7_DF_DCIS_POPSTRRES1_1(1.0),ITC41,JAN,9,Y95,2020,2,
IT1:29_7_DF_DCIS_POPSTRRES1_1(1.0),ITC41,JAN,9,Y95,2021,6,
IT1:29_7_DF_DCIS_POPSTRRES1_1(1.0),ITC41,JAN,9,Y95,2022,7,
IT1:29_7_DF_DCIS_POPSTRRES1_1(1.0),ITC41,JAN,9,Y95,2023,7,
IT1:29_7_DF_DCIS_POPSTRRES1_1(1.0),ITC41,JAN,9,Y95,2024,6,
IT1:29_7_DF_DCIS_POPSTRRES1_1(1.0),ITC41,JAN,9,Y95,2025,7,
IT1:29_7_DF_DCIS_POPSTRRES1_1(1.0),ITC41,JAN,9,Y95,2026,11,e
IT1:29_7_DF_DCIS_POPSTRRES1_1(1.0),ITC41,JAN,9,Y96,2019,4,
IT1:29_7_DF_DCIS_POPSTRRES1_1(1.0),ITC41,JAN,9,Y96,2020,7,
IT1:29_7_DF_DCIS_POPSTRRES1_1(1.0),ITC41,JAN,9,Y96,2021,1,
IT1:29_7_DF_DCIS_POPSTRRES1_1(1.0),ITC41,JAN,9,Y96,2022,5,
IT1:29_7_DF_DCIS_POPSTRRES1_1(1.0),ITC41,JAN,9,Y96,2023,7,
IT1:29_7_DF_DCIS_POPSTRRES1_1(1.0),ITC41,JAN,9,Y96,2024,4,
IT1:29_7_DF_DCIS_POPSTRRES1_1(1.0),ITC41,JAN,9,Y96,2025,6,
IT1:29_7_DF_DCIS_POPSTRRES1_1(1.0),ITC41,JAN,9,Y96,2026,6,e
IT1:29_7_DF_DCIS_POPSTRRES1_1(1.0),ITC41,JAN,9,Y97,2019,5,
IT1:29_7_DF_DCIS_POPSTRRES1_1(1.0),ITC41,JAN,9,Y97,2020,3,
IT1:29_7_DF_DCIS_POPSTRRES1_1(1.0),ITC41,JAN,9,Y97,2021,6,
IT1:29_7_DF_DCIS_POPSTRRES1_1(1.0),ITC41,JAN,9,Y97,2022,2,
IT1:29_7_DF_DCIS_POPSTRRES1_1(1.0),ITC41,JAN,9,Y97,2023,5,
IT1:29_7_DF_DCIS_POPSTRRES1_1(1.0),ITC41,JAN,9,Y97,2024,5,
IT1:29_7_DF_DCIS_POPSTRRES1_1(1.0),ITC41,JAN,9,Y97,2025,4,
IT1:29_7_DF_DCIS_POPSTRRES1_1(1.0),ITC41,JAN,9,Y97,2026,4,e
IT1:29_7_DF_DCIS_POPSTRRES1_1(1.0),ITC41,JAN,9,Y98,2019,5,
IT1:29_7_DF_DCIS_POPSTRRES1_1(1.0),ITC41,JAN,9,Y98,2020,3,
IT1:29_7_DF_DCIS_POPSTRRES1_1(1.0),ITC41,JAN,9,Y98,2021,3,
IT1:29_7_DF_DCIS_POPSTRRES1_1(1.0),ITC41,JAN,9,Y98,2022,5,
IT1:29_7_DF_DCIS_POPSTRRES1_1(1.0),ITC41,JAN,9,Y98,2023,1,
IT1:29_7_DF_DCIS_POPSTRRES1_1(1.0),ITC41,JAN,9,Y98,2024,5,
IT1:29_7_DF_DCIS_POPSTRRES1_1(1.0),ITC41,JAN,9,Y98,2025,4,
IT1:29_7_DF_DCIS_POPSTRRES1_1(1.0),ITC41,JAN,9,Y98,2026,3,e
IT1:29_7_DF_DCIS_POPSTRRES1_1(1.0),ITC41,JAN,9,Y99,2019,5,
IT1:29_7_DF_DCIS_POPSTRRES1_1(1.0),ITC41,JAN,9,Y99,2020,3,
IT1:29_7_DF_DCIS_POPSTRRES1_1(1.0),ITC41,JAN,9,Y99,2021,1,
IT1:29_7_DF_DCIS_POPSTRRES1_1(1.0),ITC41,JAN,9,Y99,2022,2,
IT1:29_7_DF_DCIS_POPSTRRES1_1(1.0),ITC41,JAN,9,Y99,2023,5,
IT1:29_7_DF_DCIS_POPSTRRES1_1(1.0),ITC41,JAN,9,Y99,2024,1,
IT1:29_7_DF_DCIS_POPSTRRES1_1(1.0),ITC41,JAN,9,Y99,2025,4,
IT1:29_7_DF_DCIS_POPSTRRES1_1(1.0),ITC41,JAN,9,Y99,2026,4,e
IT1:29_7_DF_DCIS_POPSTRRES1_1(1.0),ITC41,JAN,9,Y_GE100,2019,4,
IT1:29_7_DF_DCIS_POPSTRRES1_1(1.0),ITC41,JAN,9,Y_GE100,2020,7,
IT1:29_7_DF_DCIS_POPSTRRES1_1(1.0),ITC41,JAN,9,Y_GE100,2021,8,
IT1:29_7_DF_DCIS_POPSTRRES1_1(1.0),ITC41,JAN,9,Y_GE100,2022,5,
IT1:29_7_DF_DCIS_POPSTRRES1_1(1.0),ITC41,JAN,9,Y_GE100,2023,4,
IT1:29_7_DF_DCIS_POPSTRRES1_1(1.0),ITC41,JAN,9,Y_GE100,2024,3,
IT1:29_7_DF_DCIS_POPSTRRES1_1(1.0),ITC41,JAN,9,Y_GE100,2025,5,
IT1:29_7_DF_DCIS_POPSTRRES1_1(1.0),ITC41,JAN,9,Y_GE100,2026,6,e
